"Event_ID","Disaster_Severity_Level","Population_Affected","Available_Rescue_Units","Available_Medical_Units","Response_Time_Minutes","Distance_to_Hospital_KM","Infrastructure_Damage_Percent","Weather_Severity_Index","Communication_Network_Status_Percent","Resource_Allocation_Efficiency_Score","Population_Affected_norm","Available_Rescue_Units_norm","Available_Medical_Units_norm","Response_Time_Minutes_norm","Distance_to_Hospital_KM_norm","Infrastructure_Damage_Percent_norm","Weather_Severity_Index_norm","Communication_Network_Status_Percent_norm","Resource_Allocation_Efficiency_Score_norm","Disaster_Severity_Level_Encoded"
"EVT-00474","High",9727,41,21,51,21.8,52.1,5.9,59.2,62.8,0.186343020652872,0.525641025641026,0.39622641509434,0.433559650824442,0.406,0.521521521521522,0.568421052631579,0.584944048830112,0.574857142857143,2
"EVT-00069","Low",639,64,42,15.9,9.3,13.2,2.7,86.8,73.9,0.00944075681778366,0.82051282051282,0.792452830188679,0.0931134820562561,0.156,0.132132132132132,0.231578947368421,0.865717192268566,0.701714285714286,0
"EVT-00458","High",9483,34,13,39.6,29.1,59.7,8,49.2,48.5,0.181593444027018,0.435897435897436,0.245283018867925,0.322987390882638,0.552,0.597597597597598,0.789473684210526,0.483214649033571,0.411428571428571,2
"EVT-00234","Medium",2466,55,37,23.7,16.2,31.4,3.8,71.9,69.8,0.0450041850777646,0.705128205128205,0.69811320754717,0.168768186226964,0.294,0.314314314314314,0.347368421052632,0.714140386571719,0.654857142857143,1
"EVT-00077","Low",457,58,36,18.3,7.7,13.2,2,86.8,81.3,0.00589803982636794,0.743589743589744,0.679245283018868,0.11639185257032,0.124,0.132132132132132,0.157894736842105,0.865717192268566,0.786285714285714,0
"EVT-00008","Low",310,62,45,13.1,4.4,4.3,0.5,96.4,92.6,0.00303661456407062,0.794871794871795,0.849056603773585,0.0659553831231814,0.058,0.043043043043043,0,0.963377416073245,0.915428571428571,0
"EVT-00099","Low",464,58,43,13.4,9.3,14.1,2.3,91.5,81.9,0.00603429817219162,0.743589743589744,0.811320754716981,0.0688651794374394,0.156,0.141141141141141,0.189473684210526,0.91353001017294,0.793142857142857,0
"EVT-00078","Low",317,65,41,13,9.4,7.2,2.1,90.6,82.3,0.0031728729098943,0.833333333333333,0.773584905660377,0.0649854510184287,0.158,0.0720720720720721,0.168421052631579,0.904374364191251,0.797714285714286,0
"EVT-00357","Medium",3098,57,32,27.7,9,29.2,2.8,79.5,71.4,0.0573063671578456,0.730769230769231,0.60377358490566,0.207565470417071,0.15,0.292292292292292,0.242105263157895,0.791454730417091,0.673142857142857,1
"EVT-00381","Medium",2007,66,32,22,14.3,24,2.3,71.3,74.3,0.036069530687326,0.846153846153846,0.60377358490566,0.152279340446169,0.256,0.24024024024024,0.189473684210526,0.708036622583927,0.706285714285714,1
"EVT-00018","Low",205,77,50,15.2,5.4,3.2,2.2,100,94,0.000992739376715395,0.987179487179487,0.943396226415094,0.0863239573229874,0.078,0.032032032032032,0.178947368421053,1,0.931428571428571,0
"EVT-00175","Low",389,71,52,14.3,11.6,5.2,1.5,85.1,86.1,0.00457438732408074,0.91025641025641,0.981132075471698,0.0775945683802134,0.202,0.0520520520520521,0.105263157894737,0.848423194303153,0.841142857142857,0
"EVT-00253","Medium",1999,54,39,24.5,12.4,32.5,3.7,71.1,66.8,0.0359138068635275,0.692307692307692,0.735849056603774,0.176527643064985,0.218,0.325325325325325,0.336842105263158,0.706002034587996,0.620571428571429,1
"EVT-00176","Low",335,63,48,13,6.9,10.8,1.1,91.7,84.1,0.00352325151344091,0.807692307692308,0.905660377358491,0.0649854510184287,0.108,0.108108108108108,0.0631578947368421,0.915564598168871,0.818285714285714,0
"EVT-00194","Medium",3891,26,23,36.6,20.4,43.2,4,71.9,62,0.0727424911918712,0.333333333333333,0.433962264150943,0.293889427740058,0.378,0.432432432432432,0.368421052631579,0.714140386571719,0.565714285714286,1
"EVT-00092","Low",582,57,32,20.7,11.6,10.3,2.4,87.9,71.9,0.0083312245732194,0.730769230769231,0.60377358490566,0.139670223084384,0.202,0.103103103103103,0.2,0.876907426246185,0.678857142857143,0
"EVT-00151","Low",618,50,34,15.2,8.5,14.2,1.1,87.4,76.8,0.00903198178031262,0.641025641025641,0.641509433962264,0.0863239573229874,0.14,0.142142142142142,0.0631578947368421,0.871820956256358,0.734857142857143,0
"EVT-00466","High",7949,27,14,46.5,22,57.4,7.3,45.6,39.8,0.151733400813657,0.346153846153846,0.264150943396226,0.389912706110572,0.41,0.574574574574575,0.715789473684211,0.446592065106816,0.312,2
"EVT-00027","Low",626,62,40,17.8,9.9,15.6,2.4,81.9,90.5,0.00918770560411111,0.794871794871795,0.754716981132076,0.111542192046557,0.168,0.156156156156156,0.2,0.81586978636826,0.891428571428571,0
"EVT-00244","Medium",4009,43,22,41.4,18.7,35.8,4.2,65.4,61.5,0.075039417592899,0.551282051282051,0.415094339622642,0.340446168768186,0.344,0.358358358358358,0.389473684210526,0.648016276703967,0.56,1
"EVT-00544","Critical",42969,7,8,87.5,37.7,90.3,9.3,7.4,20,0.833414439491562,0.0897435897435897,0.150943396226415,0.787584869059166,0.724,0.903903903903904,0.926315789473684,0.0579857578840285,0.0857142857142857,3
"EVT-00396","High",13708,18,9,58.6,26.6,66.9,7.8,39,31.8,0.263835088470597,0.230769230769231,0.169811320754717,0.507274490785645,0.502,0.66966966966967,0.768421052631579,0.379450661241099,0.220571428571429,2
"EVT-00494","High",9234,38,19,49.5,26,57.7,6.5,46.4,49.2,0.17674654001129,0.487179487179487,0.358490566037736,0.419010669253152,0.49,0.577577577577578,0.631578947368421,0.454730417090539,0.419428571428571,2
"EVT-00246","Medium",3500,52,32,31.5,17.4,34.8,3.4,61.9,64.3,0.0651314893037199,0.666666666666667,0.60377358490566,0.244422890397672,0.318,0.348348348348348,0.305263157894737,0.612410986775178,0.592,1
"EVT-00265","Medium",4432,28,25,33.9,20.3,46,4.7,65,63.8,0.0832733147762443,0.358974358974359,0.471698113207547,0.267701260911736,0.376,0.46046046046046,0.442105263157895,0.643947100712106,0.586285714285714,1
"EVT-00189","Medium",2751,41,23,39.7,14,34.5,3.9,64.3,60.5,0.0505518463005859,0.525641025641026,0.433962264150943,0.323957322987391,0.25,0.345345345345345,0.357894736842105,0.636826042726348,0.548571428571429,1
"EVT-00210","Medium",2768,59,46,25.5,14.5,35.9,4,74.3,72.1,0.0508827594261577,0.756410256410256,0.867924528301887,0.186226964112512,0.26,0.359359359359359,0.368421052631579,0.738555442522889,0.681142857142857,1
"EVT-00047","Low",440,65,44,15.2,9.8,9.2,1.6,92.2,93,0.00556712670079614,0.833333333333333,0.830188679245283,0.0863239573229874,0.166,0.0920920920920921,0.115789473684211,0.920651068158698,0.92,0
"EVT-00094","Low",406,72,49,13.8,6,7.5,1.6,92.5,89.7,0.00490530044965254,0.923076923076923,0.924528301886792,0.07274490785645,0.09,0.0750750750750751,0.115789473684211,0.923702950152594,0.882285714285714,0
"EVT-00329","Medium",3841,46,32,30.8,13.6,36.6,4.4,66.3,55.3,0.0717692172931306,0.58974358974359,0.60377358490566,0.237633365664403,0.242,0.366366366366366,0.410526315789474,0.657171922685656,0.489142857142857,1
"EVT-00266","Medium",2119,37,29,23.9,16.1,34.4,3.2,76.4,70.3,0.0382496642205049,0.474358974358974,0.547169811320755,0.170708050436469,0.292,0.344344344344344,0.284210526315789,0.759918616480163,0.660571428571429,1
"EVT-00015","Low",417,68,52,10.6,7,8.3,1.5,91.3,90,0.00511942070737547,0.871794871794872,0.981132075471698,0.0417070805043647,0.11,0.0830830830830831,0.105263157894737,0.911495422177009,0.885714285714286,0
"EVT-00453","High",13278,9,11,59.4,22.3,54.6,5.7,48.5,45.6,0.255464932941428,0.115384615384615,0.207547169811321,0.515033947623666,0.416,0.546546546546547,0.547368421052632,0.476093591047813,0.378285714285714,2
"EVT-00113","Low",257,56,41,17.8,5.3,2.9,1,96.5,93.2,0.0020049442314056,0.717948717948718,0.773584905660377,0.111542192046557,0.076,0.029029029029029,0.0526315789473684,0.964394710071211,0.922285714285714,0
"EVT-00085","Low",466,47,28,11.5,9.8,11.4,2.1,86.5,81.3,0.00607322912814124,0.602564102564103,0.528301886792453,0.0504364694471387,0.166,0.114114114114114,0.168421052631579,0.862665310274669,0.786285714285714,0
"EVT-00575","Critical",39586,11,4,100.5,46.8,85.7,9,21.6,25.3,0.767562727502774,0.141025641025641,0.0754716981132075,0.913676042677013,0.906,0.857857857857858,0.894736842105263,0.202441505595117,0.146285714285714,3
"EVT-00461","High",9042,45,23,39.9,24.3,48,6.8,54,55.2,0.173009168240126,0.576923076923077,0.433962264150943,0.325897187196896,0.456,0.48048048048048,0.663157894736842,0.53204476093591,0.488,2
"EVT-00554","Critical",46908,9,6,107.3,40.1,90.9,9.5,24,22.6,0.910088957234345,0.115384615384615,0.113207547169811,0.979631425800194,0.772,0.90990990990991,0.947368421052632,0.226856561546287,0.115428571428571,3
"EVT-00373","Medium",3268,25,17,33.6,18.2,41.8,3.9,72.9,56.7,0.0606154984135635,0.320512820512821,0.320754716981132,0.264791464597478,0.334,0.418418418418418,0.357894736842105,0.724313326551373,0.505142857142857,1
"EVT-00491","High",11127,48,23,56,22.8,58.7,7.3,52.9,58.4,0.213594689817608,0.615384615384615,0.433962264150943,0.482056256062076,0.426,0.587587587587588,0.715789473684211,0.520854526958291,0.524571428571429,2
"EVT-00110","Low",638,56,42,16,8.7,18.5,2.4,85.6,75,0.00942129133980885,0.717948717948718,0.792452830188679,0.0940834141610087,0.144,0.185185185185185,0.2,0.853509664292981,0.714285714285714,0
"EVT-00213","Medium",4128,48,37,44.1,18.6,44.1,4.3,67.6,65.3,0.0773558094719016,0.615384615384615,0.69811320754717,0.366634335596508,0.342,0.441441441441441,0.4,0.670396744659206,0.603428571428571,1
"EVT-00490","High",10123,42,13,48.1,22.8,56.8,7.8,57.5,58.3,0.194051349930898,0.538461538461538,0.245283018867925,0.405431619786615,0.426,0.568568568568569,0.768421052631579,0.5676500508647,0.523428571428571,2
"EVT-00383","Medium",3127,41,23,31.8,16.7,36.2,5.4,70.2,61.3,0.0578708660191151,0.525641025641026,0.433962264150943,0.24733268671193,0.304,0.362362362362362,0.515789473684211,0.696846388606307,0.557714285714286,1
"EVT-00574","Critical",41302,11,8,85.3,32.2,85.7,8.9,27.6,21.7,0.800965487707551,0.141025641025641,0.150943396226415,0.766246362754607,0.614,0.857857857857858,0.88421052631579,0.263479145473042,0.105142857142857,3
"EVT-00323","Medium",2965,46,33,28.2,15.3,27.5,3.5,64.4,67.1,0.0547174585871956,0.58974358974359,0.622641509433962,0.212415130940834,0.276,0.275275275275275,0.315789473684211,0.637843336724313,0.624,1
"EVT-00060","Low",533,59,47,11.7,6.6,8.4,1.8,90.7,88.7,0.00737741615245362,0.756410256410256,0.886792452830189,0.052376333656644,0.102,0.0840840840840841,0.136842105263158,0.905391658189217,0.870857142857143,0
"EVT-00135","Low",192,69,45,8.5,4.4,4.4,0.7,95.5,100,0.000739688163042844,0.884615384615385,0.849056603773585,0.0213385063045587,0.058,0.044044044044044,0.0210526315789474,0.954221770091557,1,0
"EVT-00054","Low",706,58,39,14.1,9.6,13.4,3.4,90.6,78.8,0.010744943842096,0.743589743589744,0.735849056603774,0.075654704170708,0.162,0.134134134134134,0.305263157894737,0.904374364191251,0.757714285714286,0
"EVT-00315","Medium",3369,67,32,32.3,15.9,37.2,4.3,70.6,63.6,0.0625815116890195,0.858974358974359,0.60377358490566,0.252182347235693,0.288,0.372372372372372,0.4,0.700915564598169,0.584,1
"EVT-00577","Critical",25050,18,10,85.1,37.5,71.6,7.4,25.9,36.6,0.484612539660911,0.230769230769231,0.188679245283019,0.764306498545102,0.72,0.716716716716717,0.726315789473684,0.24618514750763,0.275428571428571,3
"EVT-00242","Medium",3664,34,13,30.9,17.2,39.7,4.8,65.3,54.7,0.068323827691589,0.435897435897436,0.245283018867925,0.238603297769156,0.314,0.397397397397397,0.452631578947368,0.646998982706002,0.482285714285714,1
"EVT-00222","Medium",3004,36,27,35.8,16.3,43.3,3.9,64.1,51.7,0.0554766122282133,0.461538461538462,0.509433962264151,0.286129970902037,0.296,0.433433433433433,0.357894736842105,0.634791454730417,0.448,1
"EVT-00289","Medium",2137,71,46,24.8,14.2,27.8,4.2,77,75.6,0.0386000428240515,0.91025641025641,0.867924528301887,0.179437439379243,0.254,0.278278278278278,0.389473684210526,0.766022380467955,0.721142857142857,1
"EVT-00179","Low",567,71,48,13.1,8.2,8.1,2.4,95.2,93.9,0.00803924240359722,0.91025641025641,0.905660377358491,0.0659553831231814,0.134,0.0810810810810811,0.2,0.95116988809766,0.930285714285714,0
"EVT-00093","Low",535,55,39,14.2,9.6,13.4,2.2,85.5,81.1,0.00741634710840325,0.705128205128205,0.735849056603774,0.0766246362754607,0.162,0.134134134134134,0.178947368421053,0.852492370295015,0.784,0
"EVT-00391","High",11415,36,17,62.1,23.9,60,7.5,55.4,53.4,0.219200747474354,0.461538461538462,0.320754716981132,0.541222114451988,0.448,0.600600600600601,0.736842105263158,0.546286876907426,0.467428571428571,2
"EVT-00090","Low",672,46,40,14.1,7.1,6.4,2.3,87.3,86.7,0.0100831175909524,0.58974358974359,0.754716981132076,0.075654704170708,0.112,0.0640640640640641,0.189473684210526,0.870803662258393,0.848,0
"EVT-00145","Low",260,68,43,7.5,5,4.2,1.1,100,95.5,0.00206334066533004,0.871794871794872,0.811320754716981,0.011639185257032,0.07,0.042042042042042,0.0631578947368421,1,0.948571428571429,0
"EVT-00208","Medium",2059,46,31,27.7,16.4,26.7,3.9,73.9,70.1,0.0370817355420162,0.58974358974359,0.584905660377358,0.207565470417071,0.298,0.267267267267267,0.357894736842105,0.734486266531028,0.658285714285714,1
"EVT-00338","Medium",2973,32,32,39.2,16.7,44.2,3.3,56.3,65.6,0.0548731824109941,0.41025641025641,0.60377358490566,0.319107662463628,0.304,0.442442442442442,0.294736842105263,0.555442522889115,0.606857142857143,1
"EVT-00364","Medium",4005,40,27,36.5,19.8,46.5,4.3,47.6,54.5,0.0749615556809997,0.512820512820513,0.509433962264151,0.292919495635306,0.366,0.465465465465465,0.4,0.466937945066124,0.48,1
"EVT-00218","Medium",3028,56,37,31.3,15.7,36.6,4.4,62,58.7,0.0559437836996087,0.717948717948718,0.69811320754717,0.242483026188167,0.284,0.366366366366366,0.410526315789474,0.613428280773143,0.528,1
"EVT-00542","Critical",42405,6,3,89.5,41.2,83.3,9.3,16.4,24.3,0.822435909913768,0.0769230769230769,0.0566037735849057,0.806983511154219,0.794,0.833833833833834,0.926315789473684,0.149542217700916,0.134857142857143,3
"EVT-00023","Low",346,69,39,13.2,7.7,10.8,2.2,90.3,94.2,0.00373737177116384,0.884615384615385,0.735849056603774,0.066925315227934,0.124,0.108108108108108,0.178947368421053,0.901322482197355,0.933714285714286,0
"EVT-00216","Medium",1763,53,32,29.1,13.4,36.4,4.7,68.3,61.6,0.031319954061472,0.67948717948718,0.60377358490566,0.221144519883608,0.238,0.364364364364364,0.442105263157895,0.677517802644964,0.561142857142857,1
"EVT-00250","Medium",3109,36,29,34.7,15,38,4.5,67.6,66.4,0.0575204874155685,0.461538461538462,0.547169811320755,0.275460717749757,0.27,0.38038038038038,0.421052631578947,0.670396744659206,0.616,1
"EVT-00043","Low",310,60,36,18.4,9.8,6.1,2,95.7,88.6,0.00303661456407062,0.769230769230769,0.679245283018868,0.117361784675073,0.166,0.0610610610610611,0.157894736842105,0.956256358087487,0.869714285714286,0
"EVT-00115","Low",577,44,32,17.3,10.7,15.5,2.9,84.8,77.9,0.00823389718334534,0.564102564102564,0.60377358490566,0.106692531522793,0.184,0.155155155155155,0.252631578947368,0.845371312309257,0.747428571428571,0
"EVT-00595","Critical",41649,14,6,83.2,36,79.3,8.2,28.2,29.8,0.80772000856481,0.179487179487179,0.113207547169811,0.745877788554801,0.69,0.793793793793794,0.810526315789474,0.269582909460834,0.197714285714286,3
"EVT-00144","Low",272,66,41,11.7,7.6,8.6,2,94.5,83,0.00229692640102778,0.846153846153846,0.773584905660377,0.052376333656644,0.122,0.0860860860860861,0.157894736842105,0.944048830111902,0.805714285714286,0
"EVT-00165","Low",437,68,38,14.7,9.1,11.8,1.2,88.4,83.8,0.0055087302668717,0.871794871794872,0.716981132075472,0.081474296799224,0.152,0.118118118118118,0.0736842105263158,0.881993896236012,0.814857142857143,0
"EVT-00010","Low",433,65,40,11.4,5.6,12.4,2,93.1,91.7,0.00543086835497246,0.833333333333333,0.754716981132076,0.049466537342386,0.082,0.124124124124124,0.157894736842105,0.929806714140387,0.905142857142857,0
"EVT-00298","Medium",2796,55,32,34.4,11.5,38.2,4,72.2,59,0.0514277928094524,0.705128205128205,0.60377358490566,0.272550921435499,0.2,0.382382382382382,0.368421052631579,0.717192268565615,0.531428571428571,1
"EVT-00451","High",10935,22,17,61.5,27.1,52.9,6.8,53.4,54.5,0.209857318046445,0.282051282051282,0.320754716981132,0.535402521823472,0.512,0.529529529529529,0.663157894736842,0.525940996948118,0.48,2
"EVT-00055","Low",466,63,44,11.5,8,10.5,1.4,92.4,89.8,0.00607322912814124,0.807692307692308,0.830188679245283,0.0504364694471387,0.13,0.105105105105105,0.0947368421052631,0.922685656154629,0.883428571428571,0
"EVT-00272","Medium",5062,25,15,43.9,18.9,51,5.4,54.4,49.5,0.0955365659003757,0.320512820512821,0.283018867924528,0.364694471387003,0.348,0.51051051051051,0.515789473684211,0.536113936927772,0.422857142857143,1
"EVT-00526","High",5476,51,28,42.1,16.5,58.5,6.5,64.8,60.4,0.103595273781948,0.653846153846154,0.528301886792453,0.347235693501455,0.3,0.585585585585586,0.631578947368421,0.641912512716175,0.547428571428571,2
"EVT-00438","High",7616,39,14,47.9,21.3,47.6,5.7,55,56.4,0.145251396648045,0.5,0.264150943396226,0.40349175557711,0.396,0.476476476476476,0.547368421052632,0.542217700915565,0.501714285714286,2
"EVT-00276","Medium",2677,36,29,30.9,14.5,35,4.9,63.2,65.3,0.0491114009304498,0.461538461538462,0.547169811320755,0.238603297769156,0.26,0.35035035035035,0.463157894736842,0.625635808748728,0.603428571428571,1
"EVT-00120","Low",346,56,38,10.2,5.4,6.2,2,88.7,86.3,0.00373737177116384,0.717948717948718,0.716981132075472,0.037827352085354,0.078,0.0620620620620621,0.157894736842105,0.885045778229908,0.843428571428571,0
"EVT-00005","Low",519,61,44,14,7.5,8.1,2.1,85,83.3,0.00710489946080626,0.782051282051282,0.830188679245283,0.0746847720659554,0.12,0.0810810810810811,0.168421052631579,0.847405900305188,0.809142857142857,0
"EVT-00207","Medium",1495,46,33,35.1,16.1,26.2,2.5,80.5,59.6,0.0261032059642225,0.58974358974359,0.622641509433962,0.279340446168768,0.292,0.262262262262262,0.210526315789474,0.801627670396745,0.538285714285714,1
"EVT-00386","Medium",3696,47,27,37.9,15.4,38.3,4.4,53.3,57,0.0689467229867829,0.602564102564103,0.509433962264151,0.306498545101843,0.278,0.383383383383383,0.410526315789474,0.524923702950153,0.508571428571429,1
"EVT-00417","High",10050,31,18,37.8,19.1,57.3,7.4,49.4,49.7,0.192630370038736,0.397435897435897,0.339622641509434,0.30552861299709,0.352,0.573573573573574,0.726315789473684,0.485249237029502,0.425142857142857,2
"EVT-00486","High",14393,9,15,57.4,23.5,58.9,7.3,40.7,38.8,0.277168940883343,0.115384615384615,0.283018867924528,0.495635305528613,0.44,0.58958958958959,0.715789473684211,0.396744659206511,0.300571428571429,2
"EVT-00356","Medium",3122,54,26,31.9,16.2,36.9,4.2,72,65.3,0.057773538629241,0.692307692307692,0.490566037735849,0.248302618816683,0.294,0.369369369369369,0.389473684210526,0.715157680569685,0.603428571428571,1
"EVT-00583","Critical",42064,9,7,101.3,41.8,89.7,8.7,14.8,27,0.815798181924357,0.115384615384615,0.132075471698113,0.921435499515034,0.806,0.897897897897898,0.863157894736842,0.133265513733469,0.165714285714286,3
"EVT-00290","Medium",3086,58,37,28.9,14.5,31.5,3.5,77,68.4,0.0570727814221478,0.743589743589744,0.69811320754717,0.219204655674103,0.26,0.315315315315315,0.315789473684211,0.766022380467955,0.638857142857143,1
"EVT-00512","High",14965,25,8,54.9,24.2,65.6,7.6,45.4,45.9,0.288303194284936,0.320512820512821,0.150943396226415,0.471387002909796,0.454,0.656656656656657,0.747368421052632,0.444557477110885,0.381714285714286,2
"EVT-00358","Medium",2832,54,35,35.3,17.6,27.9,4.4,65.8,66.5,0.0521285500165457,0.692307692307692,0.660377358490566,0.281280310378273,0.322,0.279279279279279,0.410526315789474,0.652085452695829,0.617142857142857,1
"EVT-00025","Low",406,69,40,11.7,9,7.1,2,91.4,86.7,0.00490530044965254,0.884615384615385,0.754716981132076,0.052376333656644,0.15,0.0710710710710711,0.157894736842105,0.912512716174975,0.848,0
"EVT-00029","Low",329,55,33,7.2,9.4,10.1,2,84.9,91.5,0.00340645864559204,0.705128205128205,0.622641509433962,0.00872938894277401,0.158,0.101101101101101,0.157894736842105,0.846388606307223,0.902857142857143,0
"EVT-00589","Critical",35777,8,9,90.4,46.4,89.5,9.7,19.2,20.7,0.693418721896716,0.102564102564103,0.169811320754717,0.815712900096993,0.898,0.895895895895896,0.968421052631579,0.178026449643947,0.0937142857142857,3
"EVT-00485","High",13576,24,16,57.8,27.2,63.1,7.2,41.2,34.9,0.261265645377922,0.307692307692308,0.30188679245283,0.499515033947624,0.514,0.631631631631632,0.705263157894737,0.401831129196338,0.256,2
"EVT-00489","High",16090,0,8,64,26.2,78.3,9.2,38.2,34.8,0.310201857006599,0,0.150943396226415,0.559650824442289,0.494,0.783783783783784,0.91578947368421,0.371312309257375,0.254857142857143,2
"EVT-00251","Medium",3706,29,22,41.8,17.8,42.7,4.3,60.7,58.5,0.0691413777665311,0.371794871794872,0.415094339622642,0.344325897187197,0.326,0.427427427427427,0.4,0.600203458799593,0.525714285714286,1
"EVT-00493","High",7255,44,25,37.8,20.9,51,6.1,67.8,68.3,0.138224359099138,0.564102564102564,0.471698113207547,0.30552861299709,0.388,0.51051051051051,0.589473684210526,0.672431332655137,0.637714285714286,2
"EVT-00571","Critical",44827,7,7,104.3,39.9,91.2,9.7,17.3,20,0.869581297568762,0.0897435897435897,0.132075471698113,0.950533462657614,0.768,0.912912912912913,0.968421052631579,0.158697863682604,0.0857142857142857,3
"EVT-00319","Medium",2475,48,39,24.9,13.7,27.8,3.9,78,76,0.0451793743795379,0.615384615384615,0.735849056603774,0.180407371483996,0.244,0.278278278278278,0.357894736842105,0.776195320447609,0.725714285714286,1
"EVT-00463","High",16369,14,11,54,35,73,8.5,37.5,37.3,0.315632725361571,0.179487179487179,0.207547169811321,0.462657613967022,0.67,0.730730730730731,0.842105263157895,0.364191251271617,0.283428571428571,2
"EVT-00384","Medium",2315,43,35,34.6,12.2,31.3,4,73.2,60.6,0.042064897903568,0.551282051282051,0.660377358490566,0.274490785645005,0.214,0.313313313313313,0.368421052631579,0.72736520854527,0.549714285714286,1
"EVT-00261","Medium",2846,23,30,30.8,15.6,34.8,3.5,58.9,56.7,0.052401066708193,0.294871794871795,0.566037735849057,0.237633365664403,0.282,0.348348348348348,0.315789473684211,0.581892166836216,0.505142857142857,1
"EVT-00328","Medium",3644,41,37,20,15.2,39.4,3.2,72.2,68.4,0.0679345181320927,0.525641025641026,0.69811320754717,0.132880698351115,0.274,0.394394394394394,0.284210526315789,0.717192268565615,0.638857142857143,1
"EVT-00180","Low",430,46,33,18.4,10,12.4,2.2,86.6,80.4,0.00537247192104802,0.58974358974359,0.622641509433962,0.117361784675073,0.17,0.124124124124124,0.178947368421053,0.863682604272635,0.776,0
"EVT-00117","Low",515,50,39,15.7,10.7,14.1,2.5,82,70,0.00702703754890701,0.641025641025641,0.735849056603774,0.0911736178467507,0.184,0.141141141141141,0.210526315789474,0.816887080366226,0.657142857142857,0
"EVT-00535","High",10940,29,18,51.8,17.3,44,6.7,38.2,45.5,0.209954645436319,0.371794871794872,0.339622641509434,0.441319107662464,0.316,0.44044044044044,0.652631578947368,0.371312309257375,0.377142857142857,2
"EVT-00355","Medium",3132,42,24,24.2,15,32,5.1,72.4,60.7,0.0579681934089892,0.538461538461538,0.452830188679245,0.173617846750727,0.27,0.32032032032032,0.484210526315789,0.719226856561546,0.550857142857143,1
"EVT-00130","Low",489,45,35,14.9,9.9,10.3,2.1,85.2,80.9,0.00652093512156191,0.576923076923077,0.660377358490566,0.0834141610087294,0.168,0.103103103103103,0.168421052631579,0.849440488301119,0.781714285714286,0
"EVT-00435","High",8577,36,20,37.6,15.7,51.9,6.2,49.5,50.2,0.163957720981839,0.461538461538462,0.377358490566038,0.303588748787585,0.284,0.519519519519519,0.6,0.486266531027467,0.430857142857143,2
"EVT-00468","High",14919,35,13,59.9,37.7,66.8,8,35.3,32.7,0.287407782298094,0.448717948717949,0.245283018867925,0.51988360814743,0.724,0.668668668668669,0.789473684210526,0.341810783316378,0.230857142857143,2
"EVT-00147","Low",281,65,46,11.2,5.7,8.3,1.3,100,87.8,0.00247211570280108,0.833333333333333,0.867924528301887,0.0475266731328807,0.084,0.0830830830830831,0.0842105263157895,1,0.860571428571429,0
"EVT-00202","Medium",2619,41,25,26.3,19.4,44.1,4.8,60.3,63.5,0.0479824032079108,0.525641025641026,0.471698113207547,0.193986420950533,0.358,0.441441441441441,0.452631578947368,0.596134282807731,0.582857142857143,1
"EVT-00567","Critical",45846,1,2,92.9,34.7,86,10,13.9,21.4,0.889416619625095,0.0128205128205128,0.0377358490566038,0.83996120271581,0.664,0.860860860860861,1,0.12410986775178,0.101714285714286,3
"EVT-00454","High",13546,32,15,40.7,25,59.2,8.2,43.8,50,0.260681681038678,0.41025641025641,0.283018867924528,0.333656644034918,0.47,0.592592592592593,0.810526315789474,0.428280773143438,0.428571428571429,2
"EVT-00119","Low",373,63,45,11.4,9,9.6,1.3,90.9,87.3,0.00426293967648376,0.807692307692308,0.849056603773585,0.049466537342386,0.15,0.0960960960960961,0.0842105263157895,0.907426246185148,0.854857142857143,0
"EVT-00139","Low",786,44,25,20.3,10.4,20.1,2.7,78.8,72.6,0.012302182080081,0.564102564102564,0.471698113207547,0.135790494665373,0.178,0.201201201201201,0.231578947368421,0.784333672431333,0.686857142857143,0
"EVT-00452","High",8339,45,18,37.5,19.2,50.6,6.8,54.9,46.8,0.159324937223834,0.576923076923077,0.339622641509434,0.302618816682832,0.354,0.506506506506507,0.663157894736842,0.541200406917599,0.392,2
"EVT-00371","Medium",3232,47,29,33.9,21.5,41,5.7,65.6,61.1,0.0599147412064703,0.602564102564103,0.547169811320755,0.267701260911736,0.4,0.41041041041041,0.547368421052632,0.650050864699898,0.555428571428571,1
"EVT-00366","Medium",3255,34,23,18.7,14.5,45.8,4.1,61.9,62.2,0.060362447199891,0.435897435897436,0.433962264150943,0.120271580989331,0.26,0.458458458458458,0.378947368421053,0.612410986775178,0.568,1
"EVT-00428","High",15955,6,0,64.1,30.4,60.3,7,49.3,44.2,0.307574017479999,0.0769230769230769,0,0.560620756547042,0.578,0.603603603603604,0.684210526315789,0.484231943031536,0.362285714285714,2
"EVT-00385","Medium",3247,49,41,28.8,13.6,36.7,3.8,64.7,65,0.0602067233760925,0.628205128205128,0.773584905660377,0.21823472356935,0.242,0.367367367367367,0.347368421052632,0.64089521871821,0.6,1
"EVT-00259","Medium",3070,57,28,23,12.4,28.4,3.1,67.5,64.3,0.0567613337745508,0.730769230769231,0.528301886792453,0.161978661493695,0.218,0.284284284284284,0.273684210526316,0.669379450661241,0.592,1
"EVT-00380","Medium",3346,54,37,33.2,16.2,34.8,2.7,69,61.5,0.0621338056955989,0.692307692307692,0.69811320754717,0.260911736178468,0.294,0.348348348348348,0.231578947368421,0.684638860630722,0.56,1
"EVT-00186","Medium",2970,42,25,27.5,13.4,36.8,4.3,62.7,61.1,0.0548147859770697,0.538461538461538,0.471698113207547,0.205625606207565,0.238,0.368368368368368,0.4,0.620549338758901,0.555428571428571,1
"EVT-00281","Medium",3207,40,33,33,17.6,42.4,4.6,74.5,73,0.0594281042571,0.512820512820513,0.622641509433962,0.258971871968962,0.322,0.424424424424424,0.431578947368421,0.74059003051882,0.691428571428571,1
"EVT-00228","Medium",3823,56,30,31.6,16.7,34.6,4,72.3,66.8,0.071418838689584,0.717948717948718,0.566037735849057,0.245392822502425,0.304,0.346346346346346,0.368421052631579,0.718209562563581,0.620571428571429,1
"EVT-00321","Medium",2143,42,24,28.1,13.5,29.1,3.8,79.2,63.8,0.0387168356919004,0.538461538461538,0.452830188679245,0.211445198836081,0.24,0.291291291291291,0.347368421052632,0.788402848423194,0.586285714285714,1
"EVT-00138","Low",612,67,39,12.8,6.2,13.5,2.2,91.4,84.2,0.00891518891246375,0.858974358974359,0.735849056603774,0.0630455868089234,0.094,0.135135135135135,0.178947368421053,0.912512716174975,0.819428571428572,0
"EVT-00578","Critical",45957,3,5,96.5,35.5,85.3,9.3,20.3,25.3,0.891577287680299,0.0384615384615385,0.0943396226415094,0.874878758486906,0.68,0.853853853853854,0.926315789473684,0.189216683621567,0.146285714285714,3
"EVT-00184","Medium",4137,45,32,42.8,20,38.3,4.6,66.9,65.4,0.0775309987736749,0.576923076923077,0.60377358490566,0.354025218234724,0.37,0.383383383383383,0.431578947368421,0.663275686673449,0.604571428571429,1
"EVT-00572","Critical",48706,9,4,77.7,34.3,88.2,9.3,21.2,18.8,0.945087886633056,0.115384615384615,0.0754716981132075,0.692531522793404,0.656,0.882882882882883,0.926315789473684,0.198372329603255,0.072,3
"EVT-00051","Low",537,53,26,18,6.6,11.6,2.5,88.8,70.9,0.00745527806435287,0.67948717948718,0.490566037735849,0.113482056256062,0.102,0.116116116116116,0.210526315789474,0.886063072227874,0.667428571428571,0
"EVT-00097","Low",828,52,33,18,9.9,17,2.5,77.3,73.4,0.0131197321550231,0.666666666666667,0.622641509433962,0.113482056256062,0.168,0.17017017017017,0.210526315789474,0.769074262461851,0.696,0
"EVT-00330","Medium",2991,39,23,27.3,14.8,32.6,4.3,66.5,63.3,0.0552235610145407,0.5,0.433962264150943,0.20368574199806,0.266,0.326326326326326,0.4,0.659206510681587,0.580571428571429,1
"EVT-00522","High",15130,19,13,54.8,27.4,64.7,6.5,46.3,49.3,0.29151499815078,0.243589743589744,0.245283018867925,0.470417070805044,0.518,0.647647647647648,0.631578947368421,0.453713123092574,0.420571428571429,2
"EVT-00545","Critical",35513,16,8,83,38.5,83.8,8.6,27.9,29.5,0.688279835711366,0.205128205128205,0.150943396226415,0.743937924345296,0.74,0.838838838838839,0.852631578947368,0.266531027466938,0.194285714285714,3
"EVT-00568","Critical",42277,14,8,73.8,39.1,81.8,8.9,29.2,25.1,0.819944328732992,0.179487179487179,0.150943396226415,0.65470417070805,0.752,0.818818818818819,0.88421052631579,0.279755849440488,0.144,3
"EVT-00283","Medium",2700,50,30,37,15.5,29,4.1,57.4,57.3,0.0495591069238705,0.641025641025641,0.566037735849057,0.297769156159069,0.28,0.29029029029029,0.378947368421053,0.566632756866734,0.512,1
"EVT-00472","High",12763,30,18,60.5,27.7,63.6,6.8,37.2,36.6,0.2454402117844,0.384615384615385,0.339622641509434,0.525703200775946,0.524,0.636636636636637,0.663157894736842,0.361139369277721,0.275428571428571,2
"EVT-00484","High",10743,29,13,59.8,24.6,43.9,6.4,57.2,45.8,0.206119946275281,0.371794871794872,0.245283018867925,0.518913676042677,0.462,0.439439439439439,0.621052631578947,0.564598168870804,0.380571428571429,2
"EVT-00013","Low",560,54,43,14.7,7.1,8.2,2.4,92.5,80.4,0.00790298405777354,0.692307692307692,0.811320754716981,0.081474296799224,0.112,0.0820820820820821,0.2,0.923702950152594,0.776,0
"EVT-00082","Low",558,62,43,18.2,6.7,12.7,2,90.6,82.2,0.00786405310182391,0.794871794871795,0.811320754716981,0.115421920465567,0.104,0.127127127127127,0.157894736842105,0.904374364191251,0.796571428571429,0
"EVT-00565","Critical",41923,11,5,83,32.9,80.7,9.1,18.9,19.6,0.813053549529909,0.141025641025641,0.0943396226415094,0.743937924345296,0.628,0.807807807807808,0.905263157894737,0.174974567650051,0.0811428571428572,3
"EVT-00235","Medium",3739,37,26,38.2,21.1,41.8,5.3,66.6,56.9,0.0697837385396998,0.474358974358974,0.490566037735849,0.309408341416101,0.392,0.418418418418418,0.505263157894737,0.660223804679552,0.507428571428571,1
"EVT-00361","Medium",1969,57,41,25.9,16.2,30,4.9,75.5,77.9,0.0353298425242832,0.730769230769231,0.773584905660377,0.190106692531523,0.294,0.3003003003003,0.463157894736842,0.750762970498474,0.747428571428571,1
"EVT-00225","Medium",2467,47,29,29.1,16.2,30.2,3.4,71.2,61.7,0.0450236505557394,0.602564102564103,0.547169811320755,0.221144519883608,0.294,0.302302302302302,0.305263157894737,0.707019328585961,0.562285714285714,1
"EVT-00402","High",12899,21,19,49.5,29.1,56.1,6.9,38,39.2,0.248087516788975,0.269230769230769,0.358490566037736,0.419010669253152,0.552,0.561561561561562,0.673684210526316,0.369277721261445,0.305142857142857,2
"EVT-00546","Critical",40004,11,6,105.3,42,79.9,8.9,29.6,30.7,0.775699297296245,0.141025641025641,0.113207547169811,0.960232783705141,0.81,0.7997997997998,0.88421052631579,0.28382502543235,0.208,3
"EVT-00313","Medium",2893,54,31,40.2,18.9,45.1,6.3,78.4,63.7,0.0533159441730092,0.692307692307692,0.584905660377358,0.328806983511154,0.348,0.451451451451451,0.610526315789474,0.780264496439471,0.585142857142857,1
"EVT-00337","Medium",3432,45,25,38.7,16.5,46.5,3.8,72.9,61.2,0.0638078368014327,0.576923076923077,0.471698113207547,0.314258001939864,0.3,0.465465465465465,0.347368421052632,0.724313326551373,0.556571428571429,1
"EVT-00585","Critical",40847,14,6,75.1,37.8,75.7,8.7,24.9,31.4,0.792108695229011,0.179487179487179,0.113207547169811,0.667313288069835,0.726,0.757757757757758,0.863157894736842,0.236012207527976,0.216,3
"EVT-00152","Low",616,62,45,18.9,7.7,6.6,2,87.4,86.2,0.00899305082436299,0.794871794871795,0.849056603773585,0.122211445198836,0.124,0.0660660660660661,0.157894736842105,0.871820956256358,0.842285714285714,0
"EVT-00501","High",10941,34,19,58,22.3,61,7.1,43.9,38.9,0.209974110914293,0.435897435897436,0.358490566037736,0.501454898157129,0.416,0.610610610610611,0.694736842105263,0.429298067141404,0.301714285714286,2
"EVT-00133","Low",507,73,48,18.3,7.2,10.4,1.6,88,88.8,0.00687131372510852,0.935897435897436,0.905660377358491,0.11639185257032,0.114,0.104104104104104,0.115789473684211,0.877924720244151,0.872,0
"EVT-00257","Medium",2578,45,31,22.8,16.1,34.3,3.5,69.3,60.1,0.0471843186109435,0.576923076923077,0.584905660377358,0.16003879728419,0.292,0.343343343343343,0.315789473684211,0.687690742624618,0.544,1
"EVT-00245","Medium",2353,41,31,30.4,15.4,32.7,4.2,69.5,73.7,0.0428045860666109,0.525641025641026,0.584905660377358,0.233753637245393,0.278,0.327327327327327,0.389473684210526,0.689725330620549,0.699428571428572,1
"EVT-00296","Medium",2958,43,17,29.8,13.8,33.2,4.1,63.9,65.8,0.0545812002413719,0.551282051282051,0.320754716981132,0.227934044616877,0.246,0.332332332332332,0.378947368421053,0.632756866734486,0.609142857142857,1
"EVT-00293","Medium",3347,31,22,24.6,16.4,37.6,3.6,62.5,60.3,0.0621532711735737,0.397435897435897,0.415094339622642,0.177497575169738,0.298,0.376376376376376,0.326315789473684,0.61851475076297,0.546285714285714,1
"EVT-00389","Medium",2873,35,27,27.2,14.2,41.1,5,71.7,61.4,0.0529266346135129,0.448717948717949,0.509433962264151,0.202715809893307,0.254,0.411411411411411,0.473684210526316,0.712105798575788,0.558857142857143,1
"EVT-00407","High",12432,17,17,46.7,25,46.5,4.7,48.2,43.9,0.238997138574738,0.217948717948718,0.320754716981132,0.391852570320078,0.47,0.465465465465465,0.442105263157895,0.473041709053917,0.358857142857143,2
"EVT-00427","High",16739,0,11,69.4,25.6,76.5,6.9,41,39.7,0.322834952212252,0,0.207547169811321,0.612027158098933,0.482,0.765765765765766,0.673684210526316,0.399796541200407,0.310857142857143,2
"EVT-00334","Medium",3386,51,41,27.3,18.8,38.1,4,76.8,70.5,0.0629124248145913,0.653846153846154,0.773584905660377,0.20368574199806,0.346,0.381381381381381,0.368421052631579,0.763987792472024,0.662857142857143,1
"EVT-00274","Medium",3603,33,29,25,15.3,39.2,3.8,72.3,65.8,0.0671364335351255,0.423076923076923,0.547169811320755,0.181377303588749,0.276,0.392392392392392,0.347368421052632,0.718209562563581,0.609142857142857,1
"EVT-00600","Critical",48598,5,4,95,42.3,92.4,9.9,6,14.5,0.942985615011777,0.0641025641025641,0.0754716981132075,0.860329776915616,0.816,0.924924924924925,0.989473684210526,0.0437436419125127,0.0228571428571429,3
"EVT-00109","Low",443,61,45,13.2,6.1,4.2,0.8,92,84,0.00562552313472057,0.782051282051282,0.849056603773585,0.066925315227934,0.092,0.042042042042042,0.0315789473684211,0.918616480162767,0.817142857142857,0
"EVT-00020","Low",430,66,41,7.5,5.8,5.2,1.9,97.2,97.9,0.00537247192104802,0.846153846153846,0.773584905660377,0.011639185257032,0.086,0.0520520520520521,0.147368421052632,0.971515768056968,0.976,0
"EVT-00511","High",14746,18,12,54.5,27.2,68.3,6.7,46.8,43.7,0.284040254608452,0.230769230769231,0.226415094339623,0.467507274490786,0.514,0.683683683683684,0.652631578947368,0.458799593082401,0.356571428571429,2
"EVT-00167","Low",595,59,41,19.8,9.5,12.9,3.5,86.3,76.2,0.00858427578689195,0.756410256410256,0.773584905660377,0.13094083414161,0.16,0.129129129129129,0.315789473684211,0.860630722278738,0.728,0
"EVT-00178","Low",547,60,39,17.5,7.5,9.9,2.5,88.9,81.8,0.00764993284410099,0.769230769230769,0.735849056603774,0.108632395732299,0.12,0.0990990990990991,0.210526315789474,0.887080366225839,0.792,0
"EVT-00555","Critical",46615,10,4,87.8,40.7,80.8,8.6,25.9,30.4,0.904385572187725,0.128205128205128,0.0754716981132075,0.790494665373424,0.784,0.808808808808809,0.852631578947368,0.24618514750763,0.204571428571429,3
"EVT-00514","High",14306,13,10,67.9,30.4,58.3,7.8,38,40,0.275475444299535,0.166666666666667,0.188679245283019,0.597478176527643,0.578,0.583583583583584,0.768421052631579,0.369277721261445,0.314285714285714,2
"EVT-00285","Medium",3203,38,27,28.2,15.3,35.5,3.8,68.1,58.4,0.0593502423452008,0.487179487179487,0.509433962264151,0.212415130940834,0.276,0.355355355355355,0.347368421052632,0.675483214649033,0.524571428571429,1
"EVT-00143","Low",265,78,51,7.5,5,9.7,0.9,99.3,87.1,0.0021606680552041,1,0.962264150943396,0.011639185257032,0.07,0.0970970970970971,0.0421052631578947,0.992878942014242,0.852571428571429,0
"EVT-00241","Medium",3282,57,26,28.4,14.3,32.1,4.6,70.4,68.7,0.0608880151052109,0.730769230769231,0.490566037735849,0.214354995150339,0.256,0.321321321321321,0.431578947368421,0.698880976602238,0.642285714285714,1
"EVT-00375","Medium",2471,51,33,23.3,15.2,27.6,4.3,78,68.4,0.0451015124676386,0.653846153846154,0.622641509433962,0.164888457807953,0.274,0.276276276276276,0.4,0.776195320447609,0.638857142857143,1
"EVT-00256","Medium",3405,64,39,35.4,17.9,28.2,4.2,74.2,69.6,0.0632822688961127,0.82051282051282,0.735849056603774,0.282250242483026,0.328,0.282282282282282,0.389473684210526,0.737538148524924,0.652571428571428,1
"EVT-00515","High",10586,55,24,40.8,19.3,52.2,6.3,45.2,51.5,0.203063866233235,0.705128205128205,0.452830188679245,0.33462657613967,0.356,0.522522522522523,0.610526315789474,0.442522889114954,0.445714285714286,2
"EVT-00095","Low",704,54,29,19.5,8.5,15.6,2.7,80.3,75.1,0.0107060128861464,0.692307692307692,0.547169811320755,0.128031037827352,0.14,0.156156156156156,0.231578947368421,0.799593082400814,0.715428571428571,0
"EVT-00415","High",16326,0,3,56.3,28.7,69.2,7.8,39.5,34.5,0.314795709808654,0,0.0566037735849057,0.484966052376334,0.544,0.692692692692693,0.768421052631579,0.384537131230926,0.251428571428571,2
"EVT-00363","Medium",2954,41,31,30.1,16.1,35.6,4.9,66.2,64.3,0.0545033383294727,0.525641025641026,0.584905660377358,0.230843840931135,0.292,0.356356356356356,0.463157894736842,0.656154628687691,0.592,1
"EVT-00042","Low",469,55,37,13.7,8.5,13.2,2.5,93.1,89.1,0.00613162556206568,0.705128205128205,0.69811320754717,0.0717749757516974,0.14,0.132132132132132,0.210526315789474,0.929806714140387,0.875428571428571,0
"EVT-00003","Low",734,55,38,18.6,9.9,13.4,2,81.9,82.1,0.0112899772253908,0.705128205128205,0.716981132075472,0.119301648884578,0.168,0.134134134134134,0.157894736842105,0.81586978636826,0.795428571428571,0
"EVT-00303","Medium",2889,53,33,29.7,14.4,41,3.7,69.2,62.9,0.0532380822611099,0.67948717948718,0.622641509433962,0.226964112512124,0.258,0.41041041041041,0.336842105263158,0.686673448626653,0.576,1
"EVT-00401","High",8413,40,22,40.6,22.6,53.3,6.7,65.4,59.9,0.16076538259397,0.512820512820513,0.415094339622642,0.332686711930165,0.422,0.533533533533533,0.652631578947368,0.648016276703967,0.541714285714286,2
"EVT-00187","Medium",3359,57,36,32.9,17.1,35.1,3.3,77.4,68.7,0.0623868569092714,0.730769230769231,0.679245283018868,0.258001939864209,0.312,0.351351351351351,0.294736842105263,0.770091556459817,0.642285714285714,1
"EVT-00426","High",14243,1,1,58.3,23.6,76.2,7.4,31.2,27.3,0.274249119187122,0.0128205128205128,0.0188679245283019,0.504364694471387,0.442,0.762762762762763,0.726315789473684,0.300101729399797,0.169142857142857,2
"EVT-00157","Low",585,66,42,17.2,8,11.9,2,91.1,89.5,0.00838962100714383,0.846153846153846,0.792452830188679,0.105722599418041,0.13,0.119119119119119,0.157894736842105,0.909460834181078,0.88,0
"EVT-00267","Medium",2865,48,30,29.5,15.9,39.7,3.9,73,58.2,0.0527709107897144,0.615384615384615,0.566037735849057,0.225024248302619,0.288,0.397397397397397,0.357894736842105,0.725330620549339,0.522285714285714,1
"EVT-00580","Critical",33237,11,6,98.8,38.8,79.1,9.5,24,28.6,0.643976407840695,0.141025641025641,0.113207547169811,0.897187196896217,0.746,0.791791791791792,0.947368421052632,0.226856561546287,0.184,3
"EVT-00084","Low",596,49,32,19.6,10.9,14.4,2.2,83.7,82.7,0.00860374126486676,0.628205128205128,0.60377358490566,0.129000969932105,0.188,0.144144144144144,0.178947368421053,0.834181078331638,0.802285714285714,0
"EVT-00314","Medium",2103,49,24,25.4,13.1,31,3.4,60.6,60.2,0.0379382165729079,0.628205128205128,0.452830188679245,0.185257032007759,0.232,0.31031031031031,0.305263157894737,0.599186164801628,0.545142857142857,1
"EVT-00335","Medium",1364,49,30,20.1,18.2,24.8,2.2,75.1,70.1,0.0235532283495221,0.628205128205128,0.566037735849057,0.133850630455868,0.334,0.248248248248248,0.178947368421053,0.746693794506612,0.658285714285714,1
"EVT-00520","High",12800,9,12,60.2,25,62.6,7.8,59.7,40.1,0.246160434469468,0.115384615384615,0.226415094339623,0.522793404461688,0.47,0.626626626626627,0.768421052631579,0.590030518819939,0.315428571428571,2
"EVT-00573","Critical",44793,11,4,92.9,36.4,92.8,9.3,17.5,18.6,0.868919471317618,0.141025641025641,0.0754716981132075,0.83996120271581,0.698,0.928928928928929,0.926315789473684,0.160732451678535,0.0697142857142857,3
"EVT-00523","High",8071,16,18,52.7,27.1,53.9,7.1,49.2,48.8,0.154108189126584,0.205128205128205,0.339622641509434,0.450048496605238,0.512,0.539539539539539,0.694736842105263,0.483214649033571,0.414857142857143,2
"EVT-00325","Medium",4892,39,27,31.6,18.4,49.3,4.8,58.4,66.3,0.0922274346446577,0.5,0.509433962264151,0.245392822502425,0.338,0.493493493493493,0.452631578947368,0.576805696846389,0.614857142857143,1
"EVT-00073","Low",651,56,43,22.5,10.7,13.2,2.7,84.5,84.9,0.0096743425534814,0.717948717948718,0.811320754716981,0.157129000969932,0.184,0.132132132132132,0.231578947368421,0.842319430315361,0.827428571428572,0
"EVT-00064","Low",348,77,46,12.5,1.5,6.7,1.9,95.4,83.9,0.00377630272711346,0.987179487179487,0.867924528301887,0.0601357904946654,0,0.0670670670670671,0.147368421052632,0.953204476093591,0.816,0
"EVT-00599","Critical",32899,11,8,82.9,38.7,82.6,8.3,19.9,27.2,0.637397076285208,0.141025641025641,0.150943396226415,0.742967992240543,0.744,0.826826826826827,0.821052631578947,0.185147507629705,0.168,3
"EVT-00308","Medium",2712,43,37,22.5,11.8,32.7,3.6,63.4,61.4,0.0497926926595683,0.551282051282051,0.69811320754717,0.157129000969932,0.206,0.327327327327327,0.326315789473684,0.627670396744659,0.558857142857143,1
"EVT-00508","High",6036,39,26,44,15,35.5,4.8,57.7,58.2,0.114495941447842,0.5,0.490566037735849,0.365664403491756,0.27,0.355355355355355,0.452631578947368,0.569684638860631,0.522285714285714,2
"EVT-00191","Medium",1324,51,42,24.2,9.9,28.7,3.5,76.2,72.1,0.0227746092305297,0.653846153846154,0.792452830188679,0.173617846750727,0.168,0.287287287287287,0.315789473684211,0.757884028484232,0.681142857142857,1
"EVT-00033","Low",634,53,30,22.5,9.8,9.2,1.7,79.9,76.4,0.0093434294279096,0.67948717948718,0.566037735849057,0.157129000969932,0.166,0.0920920920920921,0.126315789473684,0.795523906408952,0.730285714285714,0
"EVT-00399","High",10972,39,21,66.9,25.2,53.3,7,52.9,51.4,0.210577540731513,0.5,0.39622641509434,0.587778855480116,0.474,0.533533533533533,0.684210526315789,0.520854526958291,0.444571428571429,2
"EVT-00014","Low",517,67,44,21.7,10,10.2,2.8,87.7,88.3,0.00706596850485664,0.858974358974359,0.830188679245283,0.149369544131911,0.17,0.102102102102102,0.242105263157895,0.874872838250254,0.866285714285714,0
"EVT-00061","Low",557,66,46,14.9,9.4,12.1,1.7,80.9,83.4,0.0078445876238491,0.846153846153846,0.867924528301887,0.0834141610087294,0.158,0.121121121121121,0.126315789473684,0.805696846388606,0.810285714285714,0
"EVT-00031","Low",564,55,39,15.9,7.6,13,2.1,86.5,89.8,0.00798084596967279,0.705128205128205,0.735849056603774,0.0931134820562561,0.122,0.13013013013013,0.168421052631579,0.862665310274669,0.883428571428571,0
"EVT-00103","Low",463,60,41,15.6,6.4,10.6,2,88.3,83,0.00601483269421681,0.769230769230769,0.773584905660377,0.0902036857419981,0.098,0.106106106106106,0.157894736842105,0.880976602238047,0.805714285714286,0
"EVT-00075","Low",396,52,39,14.2,7.4,5.8,1.6,86.6,82.6,0.00471064566990442,0.666666666666667,0.735849056603774,0.0766246362754607,0.118,0.0580580580580581,0.115789473684211,0.863682604272635,0.801142857142857,0
"EVT-00405","High",9685,21,15,57.3,27.5,55.1,7.6,45.7,35,0.18552547057793,0.269230769230769,0.283018867924528,0.49466537342386,0.52,0.551551551551552,0.747368421052632,0.447609359104781,0.257142857142857,2
"EVT-00347","Medium",3407,42,18,33,13.9,40.1,4.7,69.2,68.5,0.0633211998520624,0.538461538461538,0.339622641509434,0.258971871968962,0.248,0.401401401401401,0.442105263157895,0.686673448626653,0.64,1
"EVT-00543","Critical",30715,15,8,83.7,37.8,78.5,8.1,25.7,32.6,0.59488447238822,0.192307692307692,0.150943396226415,0.750727449078564,0.726,0.785785785785786,0.8,0.244150559511699,0.229714285714286,3
"EVT-00431","High",14368,32,14,62.3,29.1,56.6,7.2,39.3,38.5,0.276682303933973,0.41025641025641,0.264150943396226,0.543161978661494,0.552,0.566566566566567,0.705263157894737,0.382502543234995,0.297142857142857,2
"EVT-00224","Medium",1677,58,40,25.7,13.9,25.4,3.2,78.3,74.7,0.0296459229556382,0.743589743589744,0.754716981132076,0.188166828322017,0.248,0.254254254254254,0.284210526315789,0.779247202441506,0.710857142857143,1
"EVT-00529","High",12276,28,21,49.4,26.3,59.2,6.8,47.9,47.2,0.235960524010667,0.358974358974359,0.39622641509434,0.4180407371484,0.496,0.592592592592593,0.663157894736842,0.46998982706002,0.396571428571429,2
"EVT-00481","High",11466,46,24,52.8,20.2,59.7,7.4,39.9,47,0.22019348685107,0.58974358974359,0.452830188679245,0.45101842870999,0.374,0.597597597597598,0.726315789473684,0.388606307222787,0.394285714285714,2
"EVT-00394","High",12140,23,18,63.6,26.1,75.3,7.8,50.3,41.2,0.233313219006093,0.294871794871795,0.339622641509434,0.555771096023278,0.492,0.753753753753754,0.768421052631579,0.49440488301119,0.328,2
"EVT-00161","Low",658,56,32,14.8,9,14.7,2.2,79.6,77.7,0.00981060089930508,0.717948717948718,0.60377358490566,0.0824442289039767,0.15,0.147147147147147,0.178947368421053,0.792472024415056,0.745142857142857,0
"EVT-00556","Critical",34628,13,7,88.7,39.7,85.6,8.8,29.5,28.8,0.671052887703658,0.166666666666667,0.132075471698113,0.799224054316198,0.764,0.856856856856857,0.873684210526316,0.282807731434385,0.186285714285714,3
"EVT-00052","Low",496,60,43,17,9.3,11,1.5,91.1,83.6,0.00665719346738559,0.769230769230769,0.811320754716981,0.103782735208535,0.156,0.11011011011011,0.105263157894737,0.909460834181078,0.812571428571429,0
"EVT-00071","Low",427,65,41,13.1,8.5,8.3,1.7,92.8,89.1,0.00531407548712359,0.833333333333333,0.773584905660377,0.0659553831231814,0.14,0.0830830830830831,0.126315789473684,0.92675483214649,0.875428571428571,0
"EVT-00295","Medium",2208,44,35,28.4,20.2,34.6,4,76.8,70.5,0.0399820917602632,0.564102564102564,0.660377358490566,0.214354995150339,0.374,0.346346346346346,0.368421052631579,0.763987792472024,0.662857142857143,1
"EVT-00473","High",12362,34,20,56.3,18.9,65.2,7.6,44.8,49.6,0.237634555116501,0.435897435897436,0.377358490566038,0.484966052376334,0.348,0.652652652652653,0.747368421052632,0.438453713123093,0.424,2
"EVT-00079","Low",527,57,34,12.7,7.9,11.5,2,98.6,91.5,0.00726062328460475,0.730769230769231,0.641509433962264,0.0620756547041707,0.128,0.115115115115115,0.157894736842105,0.985757884028484,0.902857142857143,0
"EVT-00336","Medium",4139,41,16,29.9,10.9,36.2,4.9,67.2,68.6,0.0775699297296245,0.525641025641026,0.30188679245283,0.228903976721629,0.188,0.362362362362362,0.463157894736842,0.666327568667345,0.641142857142857,1
"EVT-00294","Medium",3720,35,25,33.4,12.6,36.2,4.6,75.2,67.3,0.0694138944581784,0.448717948717949,0.471698113207547,0.262851600387973,0.222,0.362362362362362,0.431578947368421,0.747711088504578,0.626285714285714,1
"EVT-00440","High",12436,21,7,60.2,28.3,60.5,6.4,46.6,48.6,0.239075000486637,0.269230769230769,0.132075471698113,0.522793404461688,0.536,0.605605605605606,0.621052631578947,0.45676500508647,0.412571428571429,2
"EVT-00123","Low",427,67,52,11.5,6,5.2,1.7,86.5,85.3,0.00531407548712359,0.858974358974359,0.981132075471698,0.0504364694471387,0.09,0.0520520520520521,0.126315789473684,0.862665310274669,0.832,0
"EVT-00564","Critical",28202,10,7,81.6,40.9,77.9,9.4,17.8,23.8,0.545967726237518,0.128205128205128,0.132075471698113,0.730358874878758,0.788,0.77977977977978,0.936842105263158,0.163784333672431,0.129142857142857,3
"EVT-00316","Medium",4219,33,18,39.7,19.3,37.9,4.5,59.2,50.2,0.0791271679676094,0.423076923076923,0.339622641509434,0.323957322987391,0.356,0.379379379379379,0.421052631578947,0.584944048830112,0.430857142857143,1
"EVT-00226","Medium",2641,47,31,31.5,18.1,40.2,4,56.6,57.6,0.0484106437233566,0.602564102564103,0.584905660377358,0.244422890397672,0.332,0.402402402402402,0.368421052631579,0.558494404883011,0.515428571428571,1
"EVT-00122","Low",358,68,48,14.1,7.1,10.6,2.5,88,97.2,0.00397095750686158,0.871794871794872,0.905660377358491,0.075654704170708,0.112,0.106106106106106,0.210526315789474,0.877924720244151,0.968,0
"EVT-00521","High",10832,47,22,50.2,19.8,57.1,7,53.7,51.3,0.207852373815039,0.602564102564103,0.415094339622642,0.425800193986421,0.366,0.571571571571572,0.684210526315789,0.528992878942014,0.443428571428571,2
"EVT-00558","Critical",35772,8,8,93.9,34.4,81.5,8.5,21.2,22.4,0.693321394506842,0.102564102564103,0.150943396226415,0.849660523763337,0.658,0.815815815815816,0.842105263157895,0.198372329603255,0.113142857142857,3
"EVT-00193","Medium",1966,52,33,26.4,10.7,34.8,3.9,85.1,71.2,0.0352714460903587,0.666666666666667,0.622641509433962,0.194956353055286,0.184,0.348348348348348,0.357894736842105,0.848423194303153,0.670857142857143,1
"EVT-00041","Low",396,67,43,9.5,7.7,8,2.5,92.2,90.5,0.00471064566990442,0.858974358974359,0.811320754716981,0.0310378273520854,0.124,0.0800800800800801,0.210526315789474,0.920651068158698,0.891428571428571,0
"EVT-00125","Low",777,61,29,25,10.1,15.6,2.3,84.4,78.2,0.0121269927783077,0.782051282051282,0.547169811320755,0.181377303588749,0.172,0.156156156156156,0.189473684210526,0.841302136317396,0.750857142857143,0
"EVT-00582","Critical",34118,9,7,99.6,40,82.2,9.1,21.3,22.6,0.661125493936504,0.115384615384615,0.132075471698113,0.904946653734239,0.77,0.822822822822823,0.905263157894737,0.199389623601221,0.115428571428571,3
"EVT-00204","Medium",4160,36,31,37.8,16.9,39.1,4.2,64.7,65.3,0.0779787047670955,0.461538461538462,0.584905660377358,0.30552861299709,0.308,0.391391391391391,0.389473684210526,0.64089521871821,0.603428571428571,1
"EVT-00422","High",14923,25,11,69.5,23.1,60.3,6.8,32.8,37,0.287485644209994,0.320512820512821,0.207547169811321,0.612997090203686,0.432,0.603603603603604,0.663157894736842,0.316378433367243,0.28,2
"EVT-00284","Medium",2093,66,37,27.7,12.6,33.1,3.7,77.5,73.9,0.0377435617931598,0.846153846153846,0.69811320754717,0.207565470417071,0.222,0.331331331331331,0.336842105263158,0.771108850457782,0.701714285714286,1
"EVT-00369","Medium",3039,49,33,34.1,18.6,32.1,3.3,74.9,69,0.0561579039573317,0.628205128205128,0.622641509433962,0.269641125121241,0.342,0.321321321321321,0.294736842105263,0.744659206510682,0.645714285714286,1
"EVT-00243","Medium",2729,35,26,25.2,14.8,34,3.7,68.6,65.7,0.0501236057851401,0.448717948717949,0.490566037735849,0.183317167798254,0.266,0.34034034034034,0.336842105263158,0.680569684638861,0.608,1
"EVT-00306","Medium",2268,52,39,25.5,12.9,30.5,3.2,73.6,67.4,0.0411500204387519,0.666666666666667,0.735849056603774,0.186226964112512,0.228,0.305305305305305,0.284210526315789,0.731434384537131,0.627428571428571,1
"EVT-00339","Medium",2986,48,28,29.8,19.7,30.2,3.8,72,65.6,0.0551262336246667,0.615384615384615,0.528301886792453,0.227934044616877,0.364,0.302302302302302,0.347368421052632,0.715157680569685,0.606857142857143,1
"EVT-00089","Low",451,61,36,12.9,8.8,10.9,1.9,100,93.4,0.00578124695851907,0.782051282051282,0.679245283018868,0.064015518913676,0.146,0.109109109109109,0.147368421052632,1,0.924571428571429,0
"EVT-00538","High",12513,18,12,51.6,26.2,65.3,7.9,47.3,47.2,0.240573842290697,0.230769230769231,0.226415094339623,0.439379243452958,0.494,0.653653653653654,0.778947368421053,0.463886063072228,0.396571428571429,2
"EVT-00262","Medium",2624,59,36,27.8,18.2,30.4,4.5,75.8,63.2,0.0480797305977848,0.756410256410256,0.679245283018868,0.208535402521823,0.334,0.304304304304304,0.421052631578947,0.75381485249237,0.579428571428572,1
"EVT-00579","Critical",38994,9,7,84.1,35.6,89.7,9.7,13.8,18.4,0.756039164541685,0.115384615384615,0.132075471698113,0.754607177497575,0.682,0.897897897897898,0.968421052631579,0.123092573753815,0.0674285714285714,3
"EVT-00587","Critical",40975,9,6,75.6,38.8,83.6,9,20,24,0.794600276409787,0.115384615384615,0.113207547169811,0.672162948593598,0.746,0.836836836836837,0.894736842105263,0.18616480162767,0.131428571428571,3
"EVT-00449","High",14293,10,12,55.8,30.3,71.6,6.7,46.7,44.4,0.275222393085862,0.128205128205128,0.226415094339623,0.48011639185257,0.576,0.716716716716717,0.652631578947368,0.457782299084435,0.364571428571429,2
"EVT-00239","Medium",2624,38,26,31.7,15.6,35.5,4.4,75.3,63.2,0.0480797305977848,0.487179487179487,0.490566037735849,0.246362754607177,0.282,0.355355355355355,0.410526315789474,0.748728382502543,0.579428571428572,1
"EVT-00209","Medium",3762,44,32,34,19.2,44.7,4.1,55.1,54.2,0.0702314445331205,0.564102564102564,0.60377358490566,0.268671193016489,0.354,0.447447447447447,0.378947368421053,0.54323499491353,0.476571428571429,1
"EVT-00249","Medium",1926,54,35,23.6,13.7,22.9,2.2,78.1,68.7,0.0344928269713663,0.692307692307692,0.660377358490566,0.167798254122211,0.244,0.229229229229229,0.178947368421053,0.777212614445575,0.642285714285714,1
"EVT-00327","Medium",3137,44,28,28.3,16.4,42.6,4.6,66.1,57.5,0.0580655207988632,0.564102564102564,0.528301886792453,0.213385063045587,0.298,0.426426426426426,0.431578947368421,0.655137334689725,0.514285714285714,1
"EVT-00533","High",13483,12,11,54.9,20.9,62.8,6.8,37.6,41,0.259455355926265,0.153846153846154,0.207547169811321,0.471387002909796,0.388,0.628628628628629,0.663157894736842,0.365208545269583,0.325714285714286,2
"EVT-00470","High",11960,30,17,62.5,27.5,53.5,6.3,47.9,47.3,0.229809432970627,0.384615384615385,0.320754716981132,0.545101842870999,0.52,0.535535535535535,0.610526315789474,0.46998982706002,0.397714285714286,2
"EVT-00278","Medium",2207,53,35,26.5,18.3,33.3,3.4,66.6,69.3,0.0399626262822884,0.67948717948718,0.660377358490566,0.195926285160039,0.336,0.333333333333333,0.305263157894737,0.660223804679552,0.649142857142857,1
"EVT-00492","High",16047,2,7,54.5,25.3,72.6,6.5,34.9,33.9,0.309364841453682,0.0256410256410256,0.132075471698113,0.467507274490786,0.476,0.726726726726727,0.631578947368421,0.337741607324517,0.244571428571429,2
"EVT-00050","Low",488,70,40,16.2,8.8,14.5,2.7,92,90.7,0.0065014696435871,0.897435897435897,0.754716981132076,0.096023278370514,0.146,0.145145145145145,0.231578947368421,0.918616480162767,0.893714285714286,0
"EVT-00409","High",9680,25,18,57.5,27.2,57.7,6.5,55.4,55.3,0.185428143188056,0.320512820512821,0.339622641509434,0.496605237633366,0.514,0.577577577577578,0.631578947368421,0.546286876907426,0.489142857142857,2
"EVT-00136","Low",670,51,27,20,11.2,11.2,2.7,93.1,80.5,0.0100441866350028,0.653846153846154,0.509433962264151,0.132880698351115,0.194,0.112112112112112,0.231578947368421,0.929806714140387,0.777142857142857,0
"EVT-00247","Medium",2346,55,27,24.5,10.5,30,4.8,71.5,68.2,0.0426683277207872,0.705128205128205,0.509433962264151,0.176527643064985,0.18,0.3003003003003,0.452631578947368,0.710071210579858,0.636571428571429,1
"EVT-00465","High",12486,21,7,54.8,22.3,57.4,7.5,40.5,45.4,0.240048274385378,0.269230769230769,0.132075471698113,0.470417070805044,0.416,0.574574574574575,0.736842105263158,0.39471007121058,0.376,2
"EVT-00282","Medium",3168,41,27,40.4,18.8,26.9,3.2,60.9,46,0.0586689506160824,0.525641025641026,0.509433962264151,0.33074684772066,0.346,0.269269269269269,0.284210526315789,0.602238046795524,0.382857142857143,1
"EVT-00273","Medium",2093,66,41,35.2,9.7,24,2.2,80.8,72,0.0377435617931598,0.846153846153846,0.773584905660377,0.280310378273521,0.164,0.24024024024024,0.178947368421053,0.804679552390641,0.68,1
"EVT-00342","Medium",2597,43,29,35,16.2,35.3,3.2,69,62.4,0.0475541626924649,0.551282051282051,0.547169811320755,0.278370514064015,0.294,0.353353353353353,0.284210526315789,0.684638860630722,0.570285714285714,1
"EVT-00127","Low",536,72,48,8.4,6.9,9.1,2.3,89.9,86,0.00743581258637806,0.923076923076923,0.905660377358491,0.020368574199806,0.108,0.0910910910910911,0.189473684210526,0.897253306205493,0.84,0
"EVT-00444","High",10935,26,11,55.8,27.5,64.3,6.8,30.8,34,0.209857318046445,0.333333333333333,0.207547169811321,0.48011639185257,0.52,0.643643643643644,0.663157894736842,0.296032553407935,0.245714285714286,2
"EVT-00534","High",11734,38,15,56.2,24.6,65,6.3,44.1,49.6,0.225410234948319,0.487179487179487,0.283018867924528,0.483996120271581,0.462,0.650650650650651,0.610526315789474,0.431332655137335,0.424,2
"EVT-00076","Low",654,58,28,19.1,12.2,12.6,2.6,92.2,85.7,0.00973273898740584,0.743589743589744,0.528301886792453,0.124151309408341,0.214,0.126126126126126,0.221052631578947,0.920651068158698,0.836571428571429,0
"EVT-00498","High",15161,20,10,62.2,31.4,68.2,7,32.1,20.6,0.292118427967999,0.256410256410256,0.188679245283019,0.542192046556741,0.598,0.682682682682683,0.684210526315789,0.309257375381485,0.0925714285714286,2
"EVT-00279","Medium",4298,32,16,43.1,14.4,39.8,4.2,62,59.3,0.0806649407276196,0.41025641025641,0.30188679245283,0.356935014548982,0.258,0.398398398398398,0.389473684210526,0.613428280773143,0.534857142857143,1
"EVT-00560","Critical",41013,11,5,86.2,36.9,84.9,8.6,20.6,25.5,0.79533996457283,0.141025641025641,0.0943396226415094,0.774975751697381,0.708,0.84984984984985,0.852631578947368,0.192268565615463,0.148571428571429,3
"EVT-00310","Medium",3234,31,19,41.1,15.4,42.9,4.3,64.4,58,0.0599536721624199,0.397435897435897,0.358490566037736,0.337536372453928,0.278,0.429429429429429,0.4,0.637843336724313,0.52,1
"EVT-00215","Medium",2343,47,40,22.5,12.7,37.4,2.6,76.1,68.5,0.0426099312868627,0.602564102564103,0.754716981132076,0.157129000969932,0.224,0.374374374374374,0.221052631578947,0.756866734486267,0.64,1
"EVT-00360","Medium",2175,49,38,21.2,15.2,28.1,2.1,86,70.6,0.0393397309870944,0.628205128205128,0.716981132075472,0.144519883608147,0.274,0.281281281281281,0.168421052631579,0.857578840284842,0.664,1
"EVT-00172","Low",511,71,46,14.1,9.9,6.3,2.3,95.4,93.5,0.00694917563700777,0.91025641025641,0.867924528301887,0.075654704170708,0.168,0.0630630630630631,0.189473684210526,0.953204476093591,0.925714285714286,0
"EVT-00382","Medium",4198,38,29,29.6,18,35.2,5.2,64,55.9,0.0787183929301384,0.487179487179487,0.547169811320755,0.225994180407371,0.33,0.352352352352352,0.494736842105263,0.633774160732452,0.496,1
"EVT-00378","Medium",3876,37,24,34.5,10.8,41.4,4.9,69.4,63.9,0.072450509022249,0.474358974358974,0.452830188679245,0.273520853540252,0.186,0.414414414414414,0.463157894736842,0.688708036622584,0.587428571428571,1
"EVT-00100","Low",346,64,43,11.1,6.1,8.5,2.1,98,85.9,0.00373737177116384,0.82051282051282,0.811320754716981,0.046556741028128,0.092,0.0850850850850851,0.168421052631579,0.979654120040692,0.838857142857143,0
"EVT-00028","Low",523,59,43,12.6,9.1,7.8,2.2,94.9,88.8,0.00718276137270551,0.756410256410256,0.811320754716981,0.061105722599418,0.152,0.0780780780780781,0.178947368421053,0.948118006103764,0.872,0
"EVT-00039","Low",455,67,42,12.4,6.4,1.9,0.5,100,87.2,0.00585910887041831,0.858974358974359,0.792452830188679,0.0591658583899127,0.098,0.019019019019019,0,1,0.853714285714286,0
"EVT-00153","Low",550,62,47,13.3,9.6,9.8,1.8,88,81.2,0.00770832927802542,0.794871794871795,0.886792452830189,0.0678952473326867,0.162,0.0980980980980981,0.136842105263158,0.877924720244151,0.785142857142857,0
"EVT-00487","High",11814,21,17,54.6,27.8,58.7,8,41.3,37.1,0.226967473186304,0.269230769230769,0.320754716981132,0.468477206595538,0.526,0.587587587587588,0.789473684210526,0.402848423194303,0.281142857142857,2
"EVT-00269","Medium",3799,44,25,32.4,13.3,39.2,4.4,67.8,64.6,0.0709516672181885,0.564102564102564,0.471698113207547,0.253152279340446,0.236,0.392392392392392,0.410526315789474,0.672431332655137,0.595428571428571,1
"EVT-00552","Critical",34664,16,8,82.8,37.6,82.6,8.9,22.3,26.6,0.671753644910751,0.205128205128205,0.150943396226415,0.74199806013579,0.722,0.826826826826827,0.88421052631579,0.209562563580875,0.161142857142857,3
"EVT-00455","High",18351,0,1,63.8,32,76.5,8.3,29.6,33.4,0.354213302707648,0,0.0188679245283019,0.557710960232784,0.61,0.765765765765766,0.821052631578947,0.28382502543235,0.238857142857143,2
"EVT-00503","High",10688,23,17,52,24,52.6,6,50.7,52.7,0.205049344986666,0.294871794871795,0.320754716981132,0.443258971871969,0.45,0.526526526526527,0.578947368421053,0.498474059003052,0.459428571428571,2
"EVT-00419","High",9977,26,20,56.5,25,55.3,6.8,51.7,51.1,0.191209390146575,0.333333333333333,0.377358490566038,0.486905916585839,0.47,0.553553553553554,0.663157894736842,0.508646998982706,0.441142857142857,2
"EVT-00219","Medium",3710,33,20,34.4,18.5,45.8,4.2,64,48.5,0.0692192396784303,0.423076923076923,0.377358490566038,0.272550921435499,0.34,0.458458458458458,0.389473684210526,0.633774160732452,0.411428571428571,1
"EVT-00062","Low",425,66,42,7.5,9.2,6.9,1.6,87.6,89.8,0.00527514453117396,0.846153846153846,0.792452830188679,0.011639185257032,0.154,0.0690690690690691,0.115789473684211,0.873855544252289,0.883428571428571,0
"EVT-00509","High",12190,25,14,52.7,20,60.8,8.5,44.4,52.5,0.234286492904833,0.320512820512821,0.264150943396226,0.450048496605238,0.37,0.608608608608609,0.842105263157895,0.434384537131231,0.457142857142857,2
"EVT-00163","Low",310,55,35,11.9,5.8,3.5,1.4,92.4,85.5,0.00303661456407062,0.705128205128205,0.660377358490566,0.0543161978661494,0.086,0.035035035035035,0.0947368421052631,0.922685656154629,0.834285714285714,0
"EVT-00102","Low",538,53,37,18.5,9.1,14.5,2.4,88.4,85.1,0.00747474354232768,0.67948717948718,0.69811320754717,0.118331716779825,0.152,0.145145145145145,0.2,0.881993896236012,0.829714285714286,0
"EVT-00231","Medium",2588,49,21,25.3,16.7,28.6,3.1,78.5,68.7,0.0473789733906916,0.628205128205128,0.39622641509434,0.184287099903007,0.304,0.286286286286286,0.273684210526316,0.781281790437436,0.642285714285714,1
"EVT-00146","Low",420,60,36,20.3,7,10.2,2.2,87,91.3,0.0051778171412999,0.769230769230769,0.679245283018868,0.135790494665373,0.11,0.102102102102102,0.178947368421053,0.867751780264496,0.900571428571429,0
"EVT-00532","High",14321,19,15,67.5,35.1,69.9,8.2,38.4,41.6,0.275767426469157,0.243589743589744,0.283018867924528,0.593598448108632,0.672,0.6996996996997,0.810526315789474,0.373346897253306,0.332571428571429,2
"EVT-00063","Low",449,53,36,16.2,5.3,11.1,1.6,87.2,81.3,0.00574231600256944,0.67948717948718,0.679245283018868,0.096023278370514,0.076,0.111111111111111,0.115789473684211,0.869786368260427,0.786285714285714,0
"EVT-00425","High",12310,27,15,57.9,26.2,56.6,7.8,43.4,44.9,0.236622350261811,0.346153846153846,0.283018867924528,0.500484966052376,0.494,0.566566566566567,0.768421052631579,0.424211597151577,0.370285714285714,2
"EVT-00197","Medium",4095,40,27,35.5,17,35,5.1,65,58.3,0.0767134486987328,0.512820512820513,0.509433962264151,0.283220174587779,0.31,0.35035035035035,0.484210526315789,0.643947100712106,0.523428571428571,1
"EVT-00072","Low",154,77,48,12.7,5.8,7.7,0.8,100,90,0,0.987179487179487,0.905660377358491,0.0620756547041707,0.086,0.0770770770770771,0.0315789473684211,1,0.885714285714286,0
"EVT-00471","High",10421,20,13,60.7,21.2,59.5,6.7,51.6,55.5,0.199852062367391,0.256410256410256,0.245283018867925,0.527643064985451,0.394,0.595595595595596,0.652631578947368,0.507629704984741,0.491428571428571,2
"EVT-00500","High",10902,29,13,42.5,22.1,54.7,7.3,49,56.6,0.209214957273276,0.371794871794872,0.245283018867925,0.351115421920466,0.412,0.547547547547548,0.715789473684211,0.48118006103764,0.504,2
"EVT-00173","Low",495,59,41,15.5,6.9,7.6,2.1,99.3,87.7,0.00663772798941078,0.756410256410256,0.773584905660377,0.0892337536372454,0.108,0.0760760760760761,0.168421052631579,0.992878942014242,0.859428571428571,0
"EVT-00131","Low",716,47,29,23.2,11.5,16.2,3.3,83,77.8,0.0109395986218442,0.602564102564103,0.547169811320755,0.163918525703201,0.2,0.162162162162162,0.294736842105263,0.82706002034588,0.746285714285714,0
"EVT-00518","High",13723,34,23,70.4,29.2,65.9,8.4,49.6,51.7,0.26412707064022,0.435897435897436,0.433962264150943,0.62172647914646,0.554,0.65965965965966,0.831578947368421,0.487283825025432,0.448,2
"EVT-00238","Medium",2593,57,42,18.6,11.9,31.2,3.8,76.4,69.8,0.0474763007805657,0.730769230769231,0.792452830188679,0.119301648884578,0.208,0.312312312312312,0.347368421052632,0.759918616480163,0.654857142857143,1
"EVT-00377","Medium",2706,51,33,31.4,11.3,37.3,4.1,71.7,67.3,0.0496758997917194,0.653846153846154,0.622641509433962,0.243452958292919,0.196,0.373373373373373,0.378947368421053,0.712105798575788,0.626285714285714,1
"EVT-00169","Low",578,64,44,16.8,8.3,6.8,2.8,89.9,82.9,0.00825336266132015,0.82051282051282,0.830188679245283,0.10184287099903,0.136,0.0680680680680681,0.242105263157895,0.897253306205493,0.804571428571429,0
"EVT-00367","Medium",3305,45,33,28.1,10.8,26,4.1,78,69.5,0.0613357210986316,0.576923076923077,0.622641509433962,0.211445198836081,0.186,0.26026026026026,0.378947368421053,0.776195320447609,0.651428571428571,1
"EVT-00597","Critical",49672,4,0,109.4,46.6,88.6,8.9,5.7,22.2,0.963891538356724,0.0512820512820513,0,1,0.902,0.886886886886887,0.88421052631579,0.0406917599186165,0.110857142857143,3
"EVT-00528","High",11093,17,10,44.7,23.1,55.7,6.7,56,52,0.212932863566465,0.217948717948718,0.188679245283019,0.372453928225024,0.432,0.557557557557558,0.652631578947368,0.552390640895219,0.451428571428571,2
"EVT-00359","Medium",3360,28,21,38.5,19.4,48.1,4.8,64,56.5,0.0624063223872462,0.358974358974359,0.39622641509434,0.312318137730359,0.358,0.481481481481481,0.452631578947368,0.633774160732452,0.502857142857143,1
"EVT-00012","Low",554,58,36,15,7.8,16.5,2.6,96.2,91.7,0.00778619118992467,0.743589743589744,0.679245283018868,0.084384093113482,0.126,0.165165165165165,0.221052631578947,0.961342828077314,0.905142857142857,0
"EVT-00248","Medium",1030,60,40,17.9,10.2,22.5,2.8,76.2,75,0.017051758705935,0.769230769230769,0.754716981132076,0.112512124151309,0.174,0.225225225225225,0.242105263157895,0.757884028484232,0.714285714285714,1
"EVT-00434","High",10588,27,15,41.4,24.2,50.2,6.6,53.5,49.7,0.203102797189185,0.346153846153846,0.283018867924528,0.340446168768186,0.454,0.502502502502503,0.642105263157895,0.526958290946083,0.425142857142857,2
"EVT-00457","High",10838,43,23,59.4,25.9,56.6,7.8,42.4,52.4,0.207969166682888,0.551282051282051,0.433962264150943,0.515033947623666,0.488,0.566566566566567,0.768421052631579,0.414038657171923,0.456,2
"EVT-00469","High",17384,15,17,62.9,30.8,68.9,8.1,36.7,37.3,0.335390185506005,0.192307692307692,0.320754716981132,0.54898157129001,0.586,0.68968968968969,0.8,0.356052899287894,0.283428571428571,2
"EVT-00227","Medium",3835,27,15,35,18.9,48.2,4.6,48.7,50.5,0.0716524244252818,0.346153846153846,0.283018867924528,0.278370514064015,0.348,0.482482482482482,0.431578947368421,0.478128179043744,0.434285714285714,1
"EVT-00536","High",11649,18,8,50.9,20.7,63,8.8,46.1,45.9,0.22375566932046,0.230769230769231,0.150943396226415,0.43258971871969,0.384,0.630630630630631,0.873684210526316,0.451678535096643,0.381714285714286,2
"EVT-00570","Critical",35196,13,7,78.1,35.8,80.3,9.4,27.2,33.9,0.682109279193351,0.166666666666667,0.132075471698113,0.696411251212415,0.686,0.803803803803804,0.936842105263158,0.25940996948118,0.244571428571429,3
"EVT-00594","Critical",44171,4,3,104.6,44.4,91.5,9,14.5,17.4,0.856811944017285,0.0512820512820513,0.0566037735849057,0.953443258971872,0.858,0.915915915915916,0.894736842105263,0.130213631739573,0.056,3
"EVT-00559","Critical",40760,4,2,102.3,45.7,95.3,9.7,12.1,12.5,0.790415198645203,0.0512820512820513,0.0377358490566038,0.931134820562561,0.884,0.953953953953954,0.968421052631579,0.105798575788403,0,3
"EVT-00087","Low",665,57,38,18.1,11,12.1,3.1,84.9,80.3,0.00994685924512876,0.730769230769231,0.716981132075472,0.114451988360815,0.19,0.121121121121121,0.273684210526316,0.846388606307223,0.774857142857143,0
"EVT-00232","Medium",3810,52,30,28.1,15.4,42.1,3.5,72.5,67.6,0.0711657874759115,0.666666666666667,0.566037735849057,0.211445198836081,0.278,0.421421421421421,0.315789473684211,0.720244150559512,0.629714285714286,1
"EVT-00190","Medium",3683,52,32,29.7,11.9,40.1,3.5,63,64.7,0.0686936717731104,0.666666666666667,0.60377358490566,0.226964112512124,0.208,0.401401401401401,0.315789473684211,0.623601220752798,0.596571428571429,1
"EVT-00588","Critical",37041,11,6,91,48,79.4,9,19.4,21.7,0.718023086056878,0.141025641025641,0.113207547169811,0.821532492725509,0.93,0.794794794794795,0.894736842105263,0.180061037639878,0.105142857142857,3
"EVT-00053","Low",493,59,42,16.5,7.2,9.9,1.6,85.4,84.2,0.00659879703346116,0.756410256410256,0.792452830188679,0.0989330746847721,0.114,0.0990990990990991,0.115789473684211,0.85147507629705,0.819428571428572,0
"EVT-00459","High",13552,22,13,47.3,22.6,69.3,7,40,45.1,0.260798473906527,0.282051282051282,0.245283018867925,0.397672162948594,0.422,0.693693693693694,0.684210526315789,0.389623601220753,0.372571428571429,2
"EVT-00566","Critical",42047,8,8,93.7,43.7,88.1,9.3,15.9,22,0.815467268798785,0.102564102564103,0.150943396226415,0.847720659553831,0.844,0.881881881881882,0.926315789473684,0.144455747711089,0.108571428571429,3
"EVT-00593","Critical",47482,6,4,103.7,43,84.2,8.9,6.4,20.1,0.921262141591887,0.0769230769230769,0.0754716981132075,0.944713870029098,0.83,0.842842842842843,0.88421052631579,0.0478128179043744,0.0868571428571429,3
"EVT-00035","Low",624,61,39,16.5,8.1,7.9,1,91.7,86.1,0.00914877464816149,0.782051282051282,0.735849056603774,0.0989330746847721,0.132,0.0790790790790791,0.0526315789473684,0.915564598168871,0.841142857142857,0
"EVT-00108","Low",249,62,41,6.7,4.2,6.3,1.9,87.5,75.6,0.00184922040760711,0.794871794871795,0.773584905660377,0.00387972841901067,0.054,0.0630630630630631,0.147368421052632,0.872838250254323,0.721142857142857,0
"EVT-00322","Medium",1678,60,44,26.3,10.5,30.5,4.2,77.8,74.9,0.029665388433613,0.769230769230769,0.830188679245283,0.193986420950533,0.18,0.305305305305305,0.389473684210526,0.774160732451678,0.713142857142857,1
"EVT-00275","Medium",3113,55,33,37.9,17.3,34.2,4.7,61.4,53.3,0.0575983493274677,0.705128205128205,0.622641509433962,0.306498545101843,0.316,0.342342342342342,0.442105263157895,0.607324516785351,0.466285714285714,1
"EVT-00264","Medium",4495,34,17,39.8,14.8,35.6,4.7,60,67.6,0.0844996398886575,0.435897435897436,0.320754716981132,0.324927255092144,0.266,0.356356356356356,0.442105263157895,0.593082400813835,0.629714285714286,1
"EVT-00096","Low",410,62,34,12.9,3.4,4.6,2.2,100,97.4,0.00498316236155179,0.794871794871795,0.641509433962264,0.064015518913676,0.038,0.046046046046046,0.178947368421053,1,0.970285714285714,0
"EVT-00592","Critical",34926,14,7,71.4,34.2,79.7,8.3,26.9,30.7,0.676853600140151,0.179487179487179,0.132075471698113,0.631425800193986,0.654,0.797797797797798,0.821052631578947,0.256358087487284,0.208,3
"EVT-00286","Medium",1325,72,39,16.2,10.6,26.9,3.4,80.9,75.9,0.0227940747085045,0.923076923076923,0.735849056603774,0.096023278370514,0.182,0.269269269269269,0.305263157894737,0.805696846388606,0.724571428571429,1
"EVT-00217","Medium",2339,58,32,21.7,12.4,26,3,83.3,71.4,0.0425320693749635,0.743589743589744,0.60377358490566,0.149369544131911,0.218,0.26026026026026,0.263157894736842,0.830111902339776,0.673142857142857,1
"EVT-00302","Medium",2555,43,29,30,14.2,35.2,5,73.9,69,0.0467366126175228,0.551282051282051,0.547169811320755,0.229873908826382,0.254,0.352352352352352,0.473684210526316,0.734486266531028,0.645714285714286,1
"EVT-00066","Low",545,47,31,16.1,7.4,14.1,3.4,87.7,78.2,0.00761100188815136,0.602564102564103,0.584905660377358,0.0950533462657614,0.118,0.141141141141141,0.305263157894737,0.874872838250254,0.750857142857143,0
"EVT-00299","Medium",2824,52,28,25.8,13.8,28.2,3.3,69.4,64.3,0.0519728261927472,0.666666666666667,0.528301886792453,0.18913676042677,0.246,0.282282282282282,0.294736842105263,0.688708036622584,0.592,1
"EVT-00007","Low",569,55,30,15.1,8,14.5,1.4,83.8,79.9,0.00807817335954684,0.705128205128205,0.566037735849057,0.0853540252182347,0.13,0.145145145145145,0.0947368421052631,0.835198372329603,0.770285714285714,0
"EVT-00026","Low",247,73,51,6.3,5.3,4.2,1.3,95.2,82.2,0.00181028945165749,0.935897435897436,0.962264150943396,0,0.076,0.042042042042042,0.0842105263157895,0.95116988809766,0.796571428571429,0
"EVT-00270","Medium",4021,25,33,37.4,11.2,40.5,4.1,64.6,58.1,0.0752730033285967,0.320512820512821,0.622641509433962,0.301648884578079,0.194,0.405405405405405,0.378947368421053,0.639877924720244,0.521142857142857,1
"EVT-00192","Medium",2594,55,39,30.3,18.1,31.9,4,75.7,70.2,0.0474957662585405,0.705128205128205,0.735849056603774,0.23278370514064,0.332,0.319319319319319,0.368421052631579,0.752797558494405,0.659428571428571,1
"EVT-00413","High",14429,30,16,66.8,21.3,62.7,6.8,40.3,47.3,0.277869698090437,0.384615384615385,0.30188679245283,0.586808923375364,0.396,0.627627627627628,0.663157894736842,0.392675483214649,0.397714285714286,2
"EVT-00596","Critical",50299,9,6,89.7,39,85.5,9.2,21.9,23.6,0.976096393046931,0.115384615384615,0.113207547169811,0.808923375363724,0.75,0.855855855855856,0.91578947368421,0.205493387589013,0.126857142857143,3
"EVT-00258","Medium",2761,50,39,28.2,15.2,34.6,3.6,78.1,69.1,0.050746501080334,0.641025641025641,0.735849056603774,0.212415130940834,0.274,0.346346346346346,0.326315789473684,0.777212614445575,0.646857142857143,1
"EVT-00488","High",5305,55,26,30.4,20.5,43.4,4.8,62.5,68.1,0.100266677048255,0.705128205128205,0.490566037735849,0.233753637245393,0.38,0.434434434434434,0.452631578947368,0.61851475076297,0.635428571428571,2
"EVT-00551","Critical",49059,5,3,99.3,48.5,99.9,8.3,15.8,25.4,0.951959200358165,0.0641025641025641,0.0566037735849057,0.902036857419981,0.94,1,0.821052631578947,0.143438453713123,0.147428571428571,3
"EVT-00395","High",6203,23,19,44.8,20.5,44.1,6.8,57.4,58.2,0.117746676269636,0.294871794871795,0.358490566037736,0.373423860329777,0.38,0.441441441441441,0.663157894736842,0.566632756866734,0.522285714285714,2
"EVT-00107","Low",382,65,40,12.5,5.3,10.5,1.9,91.2,83.3,0.00443812897825706,0.833333333333333,0.754716981132076,0.0601357904946654,0.076,0.105105105105105,0.147368421052632,0.910478128179044,0.809142857142857,0
"EVT-00022","Low",467,53,37,18.3,8.9,10.1,2.5,84.7,84.1,0.00609269460611605,0.67948717948718,0.69811320754717,0.11639185257032,0.148,0.101101101101101,0.210526315789474,0.844354018311292,0.818285714285714,0
"EVT-00101","Low",394,76,48,14.5,4.4,7.2,2.3,97.6,85.9,0.0046717147139548,0.974358974358974,0.905660377358491,0.0795344325897187,0.058,0.0720720720720721,0.189473684210526,0.97558494404883,0.838857142857143,0
"EVT-00531","High",13730,11,10,62.4,32.7,63.5,7.7,43.6,44.5,0.264263328986043,0.141025641025641,0.188679245283019,0.544131910766246,0.624,0.635635635635636,0.757894736842105,0.426246185147508,0.365714285714286,2
"EVT-00230","Medium",4283,36,20,38.1,19.2,47.2,4.3,61.6,49.5,0.0803729585579974,0.461538461538462,0.377358490566038,0.308438409311348,0.354,0.472472472472472,0.4,0.609359104781282,0.422857142857143,1
"EVT-00297","Medium",3659,52,34,22.7,15.4,37.1,5.1,54.3,53.2,0.0682265003017149,0.666666666666667,0.641509433962264,0.159068865179437,0.278,0.371371371371371,0.484210526315789,0.535096642929807,0.465142857142857,1
"EVT-00260","Medium",3009,36,21,32.4,17.5,33.5,3.1,67.5,56.5,0.0555739396180873,0.461538461538462,0.39622641509434,0.253152279340446,0.32,0.335335335335335,0.273684210526316,0.669379450661241,0.502857142857143,1
"EVT-00174","Low",819,51,31,23.8,10.5,16.7,2.3,78.7,81.8,0.0129445428532498,0.653846153846154,0.584905660377358,0.169738118331717,0.18,0.167167167167167,0.189473684210526,0.783316378433367,0.792,0
"EVT-00074","Low",394,60,41,15.6,8.1,8.3,2.5,96.4,90.9,0.0046717147139548,0.769230769230769,0.773584905660377,0.0902036857419981,0.132,0.0830830830830831,0.210526315789474,0.963377416073245,0.896,0
"EVT-00129","Low",355,61,40,15.4,7.2,12.3,1.9,81.1,84.1,0.00391256107293715,0.782051282051282,0.754716981132076,0.0882638215324927,0.114,0.123123123123123,0.147368421052632,0.807731434384537,0.818285714285714,0
"EVT-00374","Medium",2723,47,22,29.9,16.7,31.5,2.6,76.2,70,0.0500068129172912,0.602564102564103,0.415094339622642,0.228903976721629,0.304,0.315315315315315,0.221052631578947,0.757884028484232,0.657142857142857,1
"EVT-00447","High",9188,48,21,44.5,25.2,53.2,6.8,58.2,46.1,0.175851128024449,0.615384615384615,0.39622641509434,0.370514064015519,0.474,0.532532532532533,0.663157894736842,0.574771108850458,0.384,2
"EVT-00439","High",8047,35,16,38,21.5,53.8,6.3,57.7,51.4,0.153641017655189,0.448717948717949,0.30188679245283,0.307468477206595,0.4,0.538538538538539,0.610526315789474,0.569684638860631,0.444571428571429,2
"EVT-00351","Medium",3494,43,34,36.7,19.5,40.7,4.5,72.1,66.4,0.065014696435871,0.551282051282051,0.641509433962264,0.294859359844811,0.36,0.407407407407407,0.421052631578947,0.71617497456765,0.616,1
"EVT-00475","High",13480,14,10,55.6,30.4,64.4,9.7,44.6,40.1,0.25939695949234,0.179487179487179,0.188679245283019,0.478176527643065,0.578,0.644644644644645,0.968421052631579,0.436419125127162,0.315428571428571,2
"EVT-00527","High",13619,17,9,45.5,19.6,55.4,6.2,50,43.2,0.262102660930839,0.217948717948718,0.169811320754717,0.380213385063046,0.362,0.554554554554554,0.6,0.491353001017294,0.350857142857143,2
"EVT-00304","Medium",4506,38,23,31,11.9,43,4,61,53.3,0.0847137601463804,0.487179487179487,0.433962264150943,0.239573229873909,0.208,0.43043043043043,0.368421052631579,0.603255340793489,0.466285714285714,1
"EVT-00106","Low",493,61,44,14.5,7.9,6.9,2.7,84.5,80,0.00659879703346116,0.782051282051282,0.830188679245283,0.0795344325897187,0.128,0.0690690690690691,0.231578947368421,0.842319430315361,0.771428571428571,0
"EVT-00091","Low",649,55,35,16.3,8.9,11.7,3.1,84.2,68,0.00963541159753178,0.705128205128205,0.660377358490566,0.0969932104752667,0.148,0.117117117117117,0.273684210526316,0.839267548321465,0.634285714285714,0
"EVT-00476","High",15476,23,13,50,25.6,71.6,6.7,39.7,47.4,0.298250053530064,0.294871794871795,0.245283018867925,0.423860329776916,0.482,0.716716716716717,0.652631578947368,0.386571719226857,0.398857142857143,2
"EVT-00200","Medium",3342,55,31,26,13.3,35.9,3.4,77.3,65.7,0.0620559437836996,0.705128205128205,0.584905660377358,0.191076624636275,0.236,0.359359359359359,0.305263157894737,0.769074262461851,0.608,1
"EVT-00128","Low",512,57,36,13.6,7.1,6.5,2,87.3,88.5,0.00696864111498258,0.730769230769231,0.679245283018868,0.0708050436469447,0.112,0.0650650650650651,0.157894736842105,0.870803662258393,0.868571428571429,0
"EVT-00011","Low",683,58,38,17.8,7.6,9.9,3.2,69,77.9,0.0102972378486754,0.743589743589744,0.716981132075472,0.111542192046557,0.122,0.0990990990990991,0.284210526315789,0.684638860630722,0.747428571428571,0
"EVT-00437","High",12227,16,11,52.5,24.9,58.2,6,49.9,51.8,0.235006715589901,0.205128205128205,0.207547169811321,0.448108632395732,0.468,0.582582582582583,0.578947368421053,0.490335707019329,0.449142857142857,2
"EVT-00464","High",16593,33,15,56.2,25.1,67.2,6.4,24.9,38.9,0.319992992427929,0.423076923076923,0.283018867924528,0.483996120271581,0.472,0.672672672672673,0.621052631578947,0.236012207527976,0.301714285714286,2
"EVT-00088","Low",566,73,41,15.7,7.5,8.6,1.3,84.9,91,0.00801977692562241,0.935897435897436,0.773584905660377,0.0911736178467507,0.12,0.0860860860860861,0.0842105263157895,0.846388606307223,0.897142857142857,0
"EVT-00236","Medium",4105,33,22,30.5,11.8,48.3,5,55,55.1,0.0769081034784809,0.423076923076923,0.415094339622642,0.234723569350145,0.206,0.483483483483483,0.473684210526316,0.542217700915565,0.486857142857143,1
"EVT-00305","Medium",3699,31,17,38.4,14.4,31.7,4.3,60.3,56.9,0.0690051194207074,0.397435897435897,0.320754716981132,0.311348205625606,0.258,0.317317317317317,0.4,0.596134282807731,0.507428571428571,1
"EVT-00416","High",11987,26,16,60.3,22.9,56.8,7.4,35.4,43.6,0.230335000875947,0.333333333333333,0.30188679245283,0.52376333656644,0.428,0.568568568568569,0.726315789473684,0.342828077314344,0.355428571428571,2
"EVT-00408","High",7924,39,22,47.2,19.8,48.1,6.5,62.4,54,0.151246763864287,0.5,0.415094339622642,0.396702230843841,0.366,0.481481481481481,0.631578947368421,0.617497456765005,0.474285714285714,2
"EVT-00098","Low",730,50,37,22.2,12.9,15.6,2.6,84.2,84.9,0.0112121153134915,0.641025641025641,0.69811320754717,0.154219204655674,0.228,0.156156156156156,0.221052631578947,0.839267548321465,0.827428571428572,0
"EVT-00221","Medium",3818,34,25,45.8,21.9,41.1,4.8,55.4,57.1,0.07132151129971,0.435897435897436,0.471698113207547,0.383123181377304,0.408,0.411411411411411,0.452631578947368,0.546286876907426,0.509714285714286,1
"EVT-00170","Low",556,57,40,11.5,7.5,7.6,2.4,87.3,87.5,0.00782512214587429,0.730769230769231,0.754716981132076,0.0504364694471387,0.12,0.0760760760760761,0.2,0.870803662258393,0.857142857142857,0
"EVT-00058","Low",588,59,31,17.1,11.1,8.5,2.6,87,78.6,0.00844801744106827,0.756410256410256,0.584905660377358,0.104752667313288,0.192,0.0850850850850851,0.221052631578947,0.867751780264496,0.755428571428571,0
"EVT-00037","Low",583,57,40,17.7,8.4,11.8,2.7,89.9,89.8,0.00835069005119421,0.730769230769231,0.754716981132076,0.110572259941804,0.138,0.118118118118118,0.231578947368421,0.897253306205493,0.883428571428571,0
"EVT-00502","High",10580,31,15,40.3,26.2,58.5,6.4,43.4,43.9,0.202947073365386,0.397435897435897,0.283018867924528,0.329776915615907,0.494,0.585585585585586,0.621052631578947,0.424211597151577,0.358857142857143,2
"EVT-00065","Low",339,62,47,10.7,5.9,4.8,2.2,98.4,88.3,0.00360111342534016,0.794871794871795,0.886792452830189,0.0426770126091174,0.088,0.048048048048048,0.178947368421053,0.983723296032553,0.866285714285714,0
"EVT-00504","High",13207,26,12,61.9,29.1,56.3,7.3,44,48.3,0.254082884005217,0.333333333333333,0.226415094339623,0.539282250242483,0.552,0.563563563563564,0.715789473684211,0.430315361139369,0.409142857142857,2
"EVT-00372","Medium",2571,41,31,27,17.8,29.9,4.2,61.3,60.9,0.0470480602651198,0.525641025641026,0.584905660377358,0.200775945683802,0.326,0.299299299299299,0.389473684210526,0.606307222787385,0.553142857142857,1
"EVT-00150","Low",307,70,36,13.2,7.4,6.6,2.1,93.3,92.6,0.00297821813014619,0.897435897435897,0.679245283018868,0.066925315227934,0.118,0.0660660660660661,0.168421052631579,0.931841302136317,0.915428571428571,0
"EVT-00288","Medium",2139,44,24,29.6,14.1,30.8,4,73.6,65.4,0.0386389737800012,0.564102564102564,0.452830188679245,0.225994180407371,0.252,0.308308308308308,0.368421052631579,0.731434384537131,0.604571428571429,1
"EVT-00403","High",9957,23,20,52.4,19.1,63.7,7.5,46.3,49.7,0.190820080587079,0.294871794871795,0.377358490566038,0.44713870029098,0.352,0.637637637637638,0.736842105263158,0.453713123092574,0.425142857142857,2
"EVT-00086","Low",549,48,36,17.1,10.8,18.4,2.6,85.2,79.9,0.00768886380005061,0.615384615384615,0.679245283018868,0.104752667313288,0.186,0.184184184184184,0.221052631578947,0.849440488301119,0.770285714285714,0
"EVT-00311","Medium",2439,60,38,30.2,13.5,26.3,2.4,76.3,75.9,0.0444786171724447,0.769230769230769,0.716981132075472,0.231813773035887,0.24,0.263263263263263,0.2,0.758901322482197,0.724571428571429,1
"EVT-00517","High",14246,11,13,51,22.9,65.2,7.3,42.5,44.7,0.274307515621046,0.141025641025641,0.245283018867925,0.433559650824442,0.428,0.652652652652653,0.715789473684211,0.415055951169888,0.368,2
"EVT-00154","Low",348,58,35,15.5,7.3,15.3,1.6,90.1,85.2,0.00377630272711346,0.743589743589744,0.660377358490566,0.0892337536372454,0.116,0.153153153153153,0.115789473684211,0.899287894201424,0.830857142857143,0
"EVT-00292","Medium",1788,55,35,14.1,10.4,31.9,3.3,89.6,76.1,0.0318065910108423,0.705128205128205,0.660377358490566,0.075654704170708,0.178,0.319319319319319,0.294736842105263,0.894201424211597,0.726857142857143,1
"EVT-00068","Low",509,70,43,17.3,9.1,6.2,1.3,99.6,82.7,0.00691024468105814,0.897435897435897,0.811320754716981,0.106692531522793,0.152,0.0620620620620621,0.0842105263157895,0.995930824008138,0.802285714285714,0
"EVT-00576","Critical",49771,4,4,93.4,41.4,91.7,9.4,12.3,24.7,0.965818620676231,0.0512820512820513,0.0754716981132075,0.844810863239573,0.798,0.917917917917918,0.936842105263158,0.107833163784334,0.139428571428571,3
"EVT-00482","High",14995,10,7,51,23.8,66.6,7.3,31.7,26,0.28888715862418,0.128205128205128,0.132075471698113,0.433559650824442,0.446,0.666666666666667,0.715789473684211,0.305188199389624,0.154285714285714,2
"EVT-00237","Medium",3702,34,23,31,15.3,37.5,4.9,57.2,47.7,0.0690635158546318,0.435897435897436,0.433962264150943,0.239573229873909,0.276,0.375375375375375,0.463157894736842,0.564598168870804,0.402285714285714,1
"EVT-00277","Medium",2696,49,25,30.7,18.5,36.3,4.7,75,64.9,0.0494812450119713,0.628205128205128,0.471698113207547,0.236663433559651,0.34,0.363363363363363,0.442105263157895,0.745676500508647,0.598857142857143,1
"EVT-00343","Medium",3222,44,27,35.6,14.3,35.2,4.7,71.1,56.6,0.0597200864267222,0.564102564102564,0.509433962264151,0.284190106692532,0.256,0.352352352352352,0.442105263157895,0.706002034587996,0.504,1
"EVT-00104","Low",448,61,43,14.2,6.6,10.3,2.7,91.4,90.6,0.00572285052459463,0.782051282051282,0.811320754716981,0.0766246362754607,0.102,0.103103103103103,0.231578947368421,0.912512716174975,0.892571428571428,0
"EVT-00345","Medium",3160,50,31,35.2,15.9,31.6,5.1,81.2,75.3,0.0585132267922839,0.641025641025641,0.584905660377358,0.280310378273521,0.288,0.316316316316316,0.484210526315789,0.808748728382503,0.717714285714286,1
"EVT-00412","High",11343,31,19,49.5,28,61.3,7.2,52.8,49.1,0.217799233060168,0.397435897435897,0.358490566037736,0.419010669253152,0.53,0.613613613613614,0.705263157894737,0.519837232960325,0.418285714285714,2
"EVT-00398","High",13573,24,12,71.8,30.7,67.9,8,30.2,38.1,0.261207248943998,0.307692307692308,0.226415094339623,0.635305528612997,0.584,0.67967967967968,0.789473684210526,0.289928789420142,0.292571428571429,2
"EVT-00046","Low",332,61,40,15.3,5.4,0,1.8,96.8,95.7,0.00346485507951648,0.782051282051282,0.754716981132076,0.0872938894277401,0.078,0,0.136842105263158,0.967446592065107,0.950857142857143,0
"EVT-00195","Medium",2868,37,29,27.7,14.7,34.5,4.2,62.4,66.9,0.0528293072236389,0.474358974358974,0.547169811320755,0.207565470417071,0.264,0.345345345345345,0.389473684210526,0.617497456765005,0.621714285714286,1
"EVT-00198","Medium",3893,42,34,35.2,17.2,39,5.2,73.3,65.3,0.0727814221478208,0.538461538461538,0.641509433962264,0.280310378273521,0.314,0.39039039039039,0.494736842105263,0.728382502543235,0.603428571428571,1
"EVT-00160","Low",444,65,36,13.6,6.1,5.8,2.2,92.9,85.8,0.00564498861269538,0.833333333333333,0.679245283018868,0.0708050436469447,0.092,0.0580580580580581,0.178947368421053,0.927772126144456,0.837714285714286,0
"EVT-00211","Medium",1270,49,31,31.7,14.9,25.4,3.1,87.3,64.7,0.0217234734198898,0.628205128205128,0.584905660377358,0.246362754607177,0.268,0.254254254254254,0.273684210526316,0.870803662258393,0.596571428571429,1
"EVT-00561","Critical",28480,18,9,72.8,34.5,75.3,9,32.6,35.8,0.551379129114515,0.230769230769231,0.169811320754717,0.645004849660524,0.66,0.753753753753754,0.894736842105263,0.314343845371312,0.266285714285714,3
"EVT-00126","Low",402,63,42,14.6,10.5,6.3,1.2,88.4,83.7,0.00482743853775329,0.807692307692308,0.792452830188679,0.0805043646944714,0.18,0.0630630630630631,0.0736842105263158,0.881993896236012,0.813714285714286,0
"EVT-00429","High",14401,14,10,48,24.5,57.1,7.6,55.9,47.2,0.277324664707142,0.179487179487179,0.188679245283019,0.404461687681862,0.46,0.571571571571572,0.747368421052632,0.551373346897253,0.396571428571429,2
"EVT-00541","Critical",49388,7,4,101.4,37,88.4,9,13.4,23.7,0.958363342611878,0.0897435897435897,0.0754716981132075,0.922405431619787,0.71,0.884884884884885,0.894736842105263,0.119023397761953,0.128,3
"EVT-00112","Low",591,50,33,11.9,8.9,4.2,1.4,83.4,79.3,0.0085064138749927,0.641025641025641,0.622641509433962,0.0543161978661494,0.148,0.042042042042042,0.0947368421052631,0.831129196337742,0.763428571428571,0
"EVT-00333","Medium",4552,38,29,38.2,18,44.7,4.2,61.7,59.8,0.0856091721332217,0.487179487179487,0.547169811320755,0.309408341416101,0.33,0.447447447447447,0.389473684210526,0.610376398779247,0.540571428571429,1
"EVT-00537","High",11432,30,14,57.1,26.3,61.5,7.7,43.5,43.8,0.219531660599926,0.384615384615385,0.264150943396226,0.492725509214355,0.496,0.615615615615616,0.757894736842105,0.425228891149542,0.357714285714286,2
"EVT-00390","Medium",3897,42,39,43.3,19.6,41.7,3.5,58.6,60.4,0.0728592840597201,0.538461538461538,0.735849056603774,0.358874878758487,0.362,0.417417417417417,0.315789473684211,0.578840284842319,0.547428571428571,1
"EVT-00320","Medium",3455,40,24,30.7,12.4,38.2,3.9,69.9,61.6,0.0642555427948533,0.512820512820513,0.452830188679245,0.236663433559651,0.218,0.382382382382382,0.357894736842105,0.693794506612411,0.561142857142857,1
"EVT-00442","High",11252,17,19,67.6,24.5,63.2,6.3,44.1,39.1,0.21602787456446,0.217948717948718,0.358490566037736,0.594568380213385,0.46,0.632632632632633,0.610526315789474,0.431332655137335,0.304,2
"EVT-00423","High",10583,23,12,43.6,16.4,61.4,7.5,43.7,37.5,0.203005469799311,0.294871794871795,0.226415094339623,0.361784675072745,0.298,0.614614614614615,0.736842105263158,0.427263479145473,0.285714285714286,2
"EVT-00188","Medium",4341,27,16,40.3,20.6,44.5,4.5,60.2,51.5,0.0815019562805365,0.346153846153846,0.30188679245283,0.329776915615907,0.382,0.445445445445445,0.421052631578947,0.595116988809766,0.445714285714286,1
"EVT-00268","Medium",4100,48,24,34.4,15.3,36.5,4.2,62,63.2,0.0768107760886069,0.615384615384615,0.452830188679245,0.272550921435499,0.276,0.365365365365365,0.389473684210526,0.613428280773143,0.579428571428572,1
"EVT-00393","High",11342,24,12,55.1,24.1,62.3,7,46.1,48.9,0.217779767582193,0.307692307692308,0.226415094339623,0.473326867119302,0.452,0.623623623623624,0.684210526315789,0.451678535096643,0.416,2
"EVT-00505","High",14273,13,13,62.7,28.8,64,6.8,43.7,41.8,0.274833083526366,0.166666666666667,0.245283018867925,0.547041707080504,0.546,0.640640640640641,0.663157894736842,0.427263479145473,0.334857142857143,2
"EVT-00581","Critical",45020,10,5,94,36.1,85,9.1,19.9,27.9,0.8733381348179,0.128205128205128,0.0943396226415094,0.850630455868089,0.692,0.850850850850851,0.905263157894737,0.185147507629705,0.176,3
"EVT-00111","Low",413,64,32,9.9,7.7,9.9,1.9,79.1,79.2,0.00504155879547622,0.82051282051282,0.60377358490566,0.034917555771096,0.124,0.0990990990990991,0.147368421052632,0.787385554425229,0.762285714285714,0
"EVT-00220","Medium",1448,49,32,27,13.6,26.8,3.6,72.6,61.4,0.0251883284994063,0.628205128205128,0.60377358490566,0.200775945683802,0.242,0.268268268268268,0.326315789473684,0.721261444557477,0.558857142857143,1
"EVT-00271","Medium",2143,69,44,28.4,10.8,21.3,4,81.9,75.5,0.0387168356919004,0.884615384615385,0.830188679245283,0.214354995150339,0.186,0.213213213213213,0.368421052631579,0.81586978636826,0.72,1
"EVT-00499","High",13252,21,16,64.5,24.4,61.3,6.1,39.5,40.3,0.254958830514083,0.269230769230769,0.30188679245283,0.564500484966052,0.458,0.613613613613614,0.589473684210526,0.384537131230926,0.317714285714286,2
"EVT-00524","High",14049,17,17,53,25.3,55.7,6.9,51,47.2,0.270472816460008,0.217948717948718,0.320754716981132,0.452958292919496,0.476,0.557557557557558,0.673684210526316,0.501525940996948,0.396571428571429,2
"EVT-00590","Critical",32898,17,9,84.1,30,80.4,9.1,32.8,34,0.637377610807233,0.217948717948718,0.169811320754717,0.754607177497575,0.57,0.804804804804805,0.905263157894737,0.316378433367243,0.245714285714286,3
"EVT-00312","Medium",3705,30,27,46,18.8,49.2,3.8,50.8,52.4,0.0691219122885562,0.384615384615385,0.509433962264151,0.385063045586809,0.346,0.492492492492492,0.347368421052632,0.499491353001017,0.456,1
"EVT-00212","Medium",2856,50,32,31.7,13.6,32.6,4.7,71,66,0.0525957214879411,0.641025641025641,0.60377358490566,0.246362754607177,0.242,0.326326326326326,0.442105263157895,0.70498474059003,0.611428571428571,1
"EVT-00287","Medium",1865,60,36,20.9,9.7,28.7,4,73.8,71.6,0.0333054328149028,0.769230769230769,0.679245283018868,0.141610087293889,0.164,0.287287287287287,0.368421052631579,0.733468972533062,0.675428571428571,1
"EVT-00016","Low",767,42,21,19.1,9.3,14.6,2.8,79.9,75.5,0.0119323379985596,0.538461538461538,0.39622641509434,0.124151309408341,0.156,0.146146146146146,0.242105263157895,0.795523906408952,0.72,0
"EVT-00309","Medium",4063,39,27,31.4,14.2,35.5,6.4,64.7,62,0.0760905534035388,0.5,0.509433962264151,0.243452958292919,0.254,0.355355355355355,0.621052631578947,0.64089521871821,0.565714285714286,1
"EVT-00185","Medium",2730,45,32,25.5,15.4,32.4,5.1,76.6,63.9,0.0501430712631149,0.576923076923077,0.60377358490566,0.186226964112512,0.278,0.324324324324324,0.484210526315789,0.761953204476093,0.587428571428571,1
"EVT-00495","High",10126,41,25,49.9,24,50.4,6.6,50.6,56,0.194109746364822,0.525641025641026,0.471698113207547,0.422890397672163,0.45,0.504504504504504,0.642105263157895,0.497456765005086,0.497142857142857,2
"EVT-00032","Low",456,57,34,17.4,5.1,7,1.1,100,90.6,0.00587857434839312,0.730769230769231,0.641509433962264,0.107662463627546,0.072,0.0700700700700701,0.0631578947368421,1,0.892571428571428,0
"EVT-00326","Medium",2027,53,30,35.6,18.6,38.1,3.6,71.9,58,0.0364588402468223,0.67948717948718,0.566037735849057,0.284190106692532,0.342,0.381381381381381,0.326315789473684,0.714140386571719,0.52,1
"EVT-00038","Low",491,67,45,15.7,9.7,11.3,1.7,90.3,84.3,0.00655986607751153,0.858974358974359,0.849056603773585,0.0911736178467507,0.164,0.113113113113113,0.126315789473684,0.901322482197355,0.820571428571429,0
"EVT-00354","Medium",2172,34,30,24.7,13.3,36.1,2.4,80.6,70.1,0.03928133455317,0.435897435897436,0.566037735849057,0.178467507274491,0.236,0.361361361361361,0.2,0.80264496439471,0.658285714285714,1
"EVT-00539","High",9939,29,12,47.5,19.5,55.6,5.7,54.5,44.1,0.190469701983532,0.371794871794872,0.226415094339623,0.399612027158099,0.36,0.556556556556557,0.547368421052632,0.537131230925738,0.361142857142857,2
"EVT-00387","Medium",1893,53,33,19.9,12.5,31.7,2.8,79.1,70.6,0.0338504661981975,0.67948717948718,0.622641509433962,0.131910766246363,0.22,0.317317317317317,0.242105263157895,0.787385554425229,0.664,1
"EVT-00114","Low",492,66,36,13.7,9.8,8.7,2.5,90.1,90.7,0.00657933155548635,0.846153846153846,0.679245283018868,0.0717749757516974,0.166,0.0870870870870871,0.210526315789474,0.899287894201424,0.893714285714286,0
"EVT-00460","High",16983,18,14,66.7,29.2,68.9,6.4,34.8,31.4,0.327584528838106,0.230769230769231,0.264150943396226,0.585838991270611,0.554,0.68968968968969,0.621052631578947,0.336724313326551,0.216,2
"EVT-00205","Medium",3887,31,26,31.5,14.7,39.3,5,62,56.3,0.072664629279972,0.397435897435897,0.490566037735849,0.244422890397672,0.264,0.393393393393393,0.473684210526316,0.613428280773143,0.500571428571429,1
"EVT-00436","High",11969,20,15,69.5,25.5,54,7.7,48.7,44.6,0.2299846222724,0.256410256410256,0.283018867924528,0.612997090203686,0.48,0.54054054054054,0.757894736842105,0.478128179043744,0.366857142857143,2
"EVT-00233","Medium",2971,43,31,33.1,15,42.2,3.9,66.8,56,0.0548342514550445,0.551282051282051,0.584905660377358,0.259941804073715,0.27,0.422422422422422,0.357894736842105,0.662258392675483,0.497142857142857,1
"EVT-00024","Low",391,55,43,10.2,10.6,10.7,2.3,92.4,91.7,0.00461331828003037,0.705128205128205,0.811320754716981,0.037827352085354,0.182,0.107107107107107,0.189473684210526,0.922685656154629,0.905142857142857,0
"EVT-00433","High",10255,21,13,57.9,21.2,56.5,6.8,51.1,43.9,0.196620793023573,0.269230769230769,0.245283018867925,0.500484966052376,0.394,0.565565565565566,0.663157894736842,0.502543234994913,0.358857142857143,2
"EVT-00349","Medium",2127,55,24,24.4,14.2,33.7,3.6,66.7,66.8,0.0384053880443034,0.705128205128205,0.452830188679245,0.175557710960233,0.254,0.337337337337337,0.326315789473684,0.661241098677518,0.620571428571429,1
"EVT-00397","High",13803,17,13,54.7,25.3,60.1,6.7,40,37.2,0.265684308878204,0.217948717948718,0.245283018867925,0.469447138700291,0.476,0.601601601601602,0.652631578947368,0.389623601220753,0.282285714285714,2
"EVT-00362","Medium",2476,41,27,13.2,12,36,4.3,74.2,63.4,0.0451988398575127,0.525641025641026,0.509433962264151,0.066925315227934,0.21,0.36036036036036,0.4,0.737538148524924,0.581714285714286,1
"EVT-00156","Low",459,68,53,9.6,6.6,11.3,2,92,100,0.00593697078231756,0.871794871794872,1,0.032007759456838,0.102,0.113113113113113,0.157894736842105,0.918616480162767,1,0
"EVT-00540","High",13461,12,13,49.9,23.7,51.2,6.6,41.1,46,0.259027115410819,0.153846153846154,0.245283018867925,0.422890397672163,0.444,0.512512512512513,0.642105263157895,0.400813835198372,0.382857142857143,2
"EVT-00142","Low",460,50,38,12.1,8.5,11.5,2.5,90,86.4,0.00595643626029237,0.641025641025641,0.716981132075472,0.0562560620756547,0.14,0.115115115115115,0.210526315789474,0.898270600203459,0.844571428571429,0
"EVT-00350","Medium",3044,46,31,24.7,14.9,41.4,5.1,73.4,71.7,0.0562552313472057,0.58974358974359,0.584905660377358,0.178467507274491,0.268,0.414414414414414,0.484210526315789,0.7293997965412,0.676571428571429,1
"EVT-00045","Low",681,61,35,19,9,15.3,2,85.1,80.4,0.0102583068927258,0.782051282051282,0.660377358490566,0.123181377303589,0.15,0.153153153153153,0.157894736842105,0.848423194303153,0.776,0
"EVT-00171","Low",467,54,41,15.6,6.6,7.7,2.5,86.4,78.9,0.00609269460611605,0.692307692307692,0.773584905660377,0.0902036857419981,0.102,0.0770770770770771,0.210526315789474,0.861648016276704,0.758857142857143,0
"EVT-00525","High",15478,25,12,63.9,32,56.8,7.1,40.1,44.7,0.298288984486014,0.320512820512821,0.226415094339623,0.558680892337536,0.61,0.568568568568569,0.694736842105263,0.390640895218718,0.368,2
"EVT-00307","Medium",2004,48,40,25,8.2,25.6,4.4,74,69.2,0.0360111342534016,0.615384615384615,0.754716981132076,0.181377303588749,0.134,0.256256256256256,0.410526315789474,0.735503560528993,0.648,1
"EVT-00002","Low",465,56,37,17.6,7.3,10.6,2.7,90.4,75.2,0.00605376365016643,0.717948717948718,0.69811320754717,0.109602327837051,0.116,0.106106106106106,0.231578947368421,0.90233977619532,0.716571428571429,0
"EVT-00418","High",12994,42,15,47.2,27.5,58.2,6.6,41.4,42.9,0.249936737196582,0.538461538461538,0.283018867924528,0.396702230843841,0.52,0.582582582582583,0.642105263157895,0.403865717192269,0.347428571428571,2
"EVT-00530","High",11325,25,15,49.9,25.6,64.9,7.8,50,42.1,0.217448854456621,0.320512820512821,0.283018867924528,0.422890397672163,0.482,0.64964964964965,0.768421052631579,0.491353001017294,0.338285714285714,2
"EVT-00400","High",12248,39,15,49.1,22.9,61.8,7.8,46.4,41.5,0.235415490627372,0.5,0.283018867924528,0.415130940834142,0.428,0.618618618618619,0.768421052631579,0.454730417090539,0.331428571428571,2
"EVT-00420","High",12126,34,14,60.8,24.9,51.5,5.1,37.2,47.3,0.233040702314445,0.435897435897436,0.264150943396226,0.528612997090204,0.468,0.515515515515515,0.484210526315789,0.361139369277721,0.397714285714286,2
"EVT-00483","High",12579,11,17,53.1,23.6,57.4,8.2,39.5,47.5,0.241858563837035,0.141025641025641,0.320754716981132,0.453928225024248,0.442,0.574574574574575,0.810526315789474,0.384537131230926,0.4,2
"EVT-00004","Low",511,69,42,7.7,7.1,11.2,2.2,90.8,79.8,0.00694917563700777,0.884615384615385,0.792452830188679,0.0135790494665373,0.112,0.112112112112112,0.178947368421053,0.906408952187182,0.769142857142857,0
"EVT-00497","High",14758,26,16,61.7,31.1,63.6,6.8,39.9,34.9,0.28427384034415,0.333333333333333,0.30188679245283,0.537342386032978,0.592,0.636636636636637,0.663157894736842,0.388606307222787,0.256,2
"EVT-00569","Critical",35957,11,8,88.3,45.1,78.3,8.2,24.2,26,0.696922507932182,0.141025641025641,0.150943396226415,0.795344325897187,0.872,0.783783783783784,0.810526315789474,0.228891149542218,0.154285714285714,3
"EVT-00430","High",7242,29,13,55.3,24.5,52.5,5.3,45.5,55.5,0.137971307885465,0.371794871794872,0.245283018867925,0.475266731328807,0.46,0.525525525525525,0.505263157894737,0.44557477110885,0.491428571428571,2
"EVT-00121","Low",518,62,46,15.3,7.1,7.9,1.5,91.8,85.1,0.00708543398283145,0.794871794871795,0.867924528301887,0.0872938894277401,0.112,0.0790790790790791,0.105263157894737,0.916581892166836,0.829714285714286,0
"EVT-00036","Low",602,48,37,22.3,10,13.9,1.5,78,73.6,0.00872053413271563,0.615384615384615,0.69811320754717,0.155189136760427,0.17,0.139139139139139,0.105263157894737,0.776195320447609,0.698285714285714,0
"EVT-00149","Low",815,44,27,16.8,11.9,13.7,3.4,78,72.2,0.0128666809413505,0.564102564102564,0.509433962264151,0.10184287099903,0.208,0.137137137137137,0.305263157894737,0.776195320447609,0.682285714285714,0
"EVT-00441","High",9433,28,18,59,24.1,66.6,8.1,54.3,51.5,0.180620170128277,0.358974358974359,0.339622641509434,0.511154219204656,0.452,0.666666666666667,0.8,0.535096642929807,0.445714285714286,2
"EVT-00021","Low",339,54,32,17.3,8.9,8.5,1.5,88.4,83.2,0.00360111342534016,0.692307692307692,0.60377358490566,0.106692531522793,0.148,0.0850850850850851,0.105263157894737,0.881993896236012,0.808,0
"EVT-00081","Low",501,62,35,8.3,6.3,4.8,1.8,93,90.5,0.00675452085725965,0.794871794871795,0.660377358490566,0.0193986420950534,0.096,0.048048048048048,0.136842105263158,0.928789420142421,0.891428571428571,0
"EVT-00201","Medium",2018,71,37,15.9,9.9,29.8,3.7,90.7,83.4,0.036283650945049,0.91025641025641,0.69811320754717,0.0931134820562561,0.168,0.298298298298298,0.336842105263158,0.905391658189217,0.810285714285714,1
"EVT-00140","Low",283,64,38,7.7,7.2,10.5,1.6,87,89.4,0.00251104665875071,0.82051282051282,0.716981132075472,0.0135790494665373,0.114,0.105105105105105,0.115789473684211,0.867751780264496,0.878857142857143,0
"EVT-00199","Medium",2282,46,35,38.4,15.5,29.2,3.6,78.1,67.2,0.0414225371303992,0.58974358974359,0.660377358490566,0.311348205625606,0.28,0.292292292292292,0.326315789473684,0.777212614445575,0.625142857142857,1
"EVT-00017","Low",575,52,34,13.4,7.5,8.9,2.5,87.2,86.3,0.00819496622739571,0.666666666666667,0.641509433962264,0.0688651794374394,0.12,0.0890890890890891,0.210526315789474,0.869786368260427,0.843428571428571,0
"EVT-00206","Medium",2543,55,26,29.7,15.6,35.7,3.7,73.3,64.1,0.0465030268818251,0.705128205128205,0.490566037735849,0.226964112512124,0.282,0.357357357357357,0.336842105263158,0.728382502543235,0.589714285714286,1
"EVT-00141","Low",605,54,37,19.8,11.1,12.1,1.8,88,86.3,0.00877893056664006,0.692307692307692,0.69811320754717,0.13094083414161,0.192,0.121121121121121,0.136842105263158,0.877924720244151,0.843428571428571,0
"EVT-00155","Low",482,60,32,12.6,6.9,9.7,2.1,88.8,89.2,0.00638467677573823,0.769230769230769,0.60377358490566,0.061105722599418,0.108,0.0970970970970971,0.168421052631579,0.886063072227874,0.876571428571429,0
"EVT-00348","Medium",3827,39,26,35.1,14,39.4,4.6,60.2,59,0.0714967006014833,0.5,0.490566037735849,0.279340446168768,0.25,0.394394394394394,0.431578947368421,0.595116988809766,0.531428571428571,1
"EVT-00291","Medium",4279,25,16,38.3,19.4,37.2,3.5,60.2,53.7,0.0802950966460981,0.320512820512821,0.30188679245283,0.310378273520853,0.358,0.372372372372372,0.315789473684211,0.595116988809766,0.470857142857143,1
"EVT-00083","Low",444,62,44,16,9.2,10.6,1.7,86.9,86.8,0.00564498861269538,0.794871794871795,0.830188679245283,0.0940834141610087,0.154,0.106106106106106,0.126315789473684,0.866734486266531,0.849142857142857,0
"EVT-00410","High",14010,23,16,54.5,31.7,68.8,6.3,29.4,47.1,0.269713662818991,0.294871794871795,0.30188679245283,0.467507274490786,0.604,0.688688688688689,0.610526315789474,0.281790437436419,0.395428571428571,2
"EVT-00223","Medium",3456,37,31,26.1,17.3,34.9,3.5,67.2,58.9,0.0642750082728281,0.474358974358974,0.584905660377358,0.192046556741028,0.316,0.349349349349349,0.315789473684211,0.666327568667345,0.530285714285714,1
"EVT-00424","High",11062,22,18,45.4,22.9,63.5,7.2,54.6,51,0.212329433749246,0.282051282051282,0.339622641509434,0.379243452958293,0.428,0.635635635635636,0.705263157894737,0.538148524923703,0.44,2
"EVT-00462","High",10049,39,21,52,22,66.9,7.6,52.9,47.9,0.192610904560761,0.5,0.39622641509434,0.443258971871969,0.41,0.66966966966967,0.747368421052632,0.520854526958291,0.404571428571429,2
"EVT-00510","High",9804,31,17,58.6,24.6,66.5,7,47.2,40.8,0.187841862456933,0.397435897435897,0.320754716981132,0.507274490785645,0.462,0.665665665665666,0.684210526315789,0.462868769074262,0.323428571428571,2
"EVT-00562","Critical",39200,9,5,88.2,38,89,9,14.7,23.2,0.760049053004497,0.115384615384615,0.0943396226415094,0.794374393792435,0.73,0.890890890890891,0.894736842105263,0.132248219735504,0.122285714285714,3
"EVT-00404","High",15292,7,9,60.1,28.2,73.9,8.1,38.2,34.9,0.294668405582699,0.0897435897435897,0.169811320754717,0.521823472356935,0.534,0.73973973973974,0.8,0.371312309257375,0.256,2
"EVT-00332","Medium",2947,35,29,34.5,18.9,43.4,3.6,67.1,57.1,0.054367079983649,0.448717948717949,0.547169811320755,0.273520853540252,0.348,0.434434434434434,0.326315789473684,0.665310274669379,0.509714285714286,1
"EVT-00443","High",14519,26,10,49.6,21.4,68.7,7.2,41.9,31.8,0.27962159110817,0.333333333333333,0.188679245283019,0.419980601357905,0.398,0.687687687687688,0.705263157894737,0.408952187182096,0.220571428571429,2
"EVT-00164","Low",986,45,28,20.3,9.9,19.9,2.5,75.6,78.3,0.0161952776750433,0.576923076923077,0.528301886792453,0.135790494665373,0.168,0.199199199199199,0.210526315789474,0.751780264496439,0.752,0
"EVT-00586","Critical",28887,10,5,80.9,34.5,77.6,9.3,36,32.4,0.559301578650264,0.128205128205128,0.0943396226415094,0.72356935014549,0.66,0.776776776776777,0.926315789473684,0.348931841302136,0.227428571428571,3
"EVT-00513","High",6509,48,24,49.8,18.9,41.9,5.4,62,67.4,0.123703112529928,0.615384615384615,0.452830188679245,0.42192046556741,0.348,0.419419419419419,0.515789473684211,0.613428280773143,0.627428571428571,2
"EVT-00134","Low",437,63,42,11.5,5.1,10.1,1.5,100,88.3,0.0055087302668717,0.807692307692308,0.792452830188679,0.0504364694471387,0.072,0.101101101101101,0.105263157894737,1,0.866285714285714,0
"EVT-00181","Medium",2562,48,32,30.1,19,38.1,4.3,74.1,69.8,0.0468728709633465,0.615384615384615,0.60377358490566,0.230843840931135,0.35,0.381381381381381,0.4,0.736520854526958,0.654857142857143,1
"EVT-00009","Low",397,56,48,13.2,7.6,10.2,2.2,86.9,82,0.00473011114787924,0.717948717948718,0.905660377358491,0.066925315227934,0.122,0.102102102102102,0.178947368421053,0.866734486266531,0.794285714285714,0
"EVT-00252","Medium",1599,61,39,34.6,14.6,24.3,3.8,76.5,74.8,0.0281276156736029,0.782051282051282,0.735849056603774,0.274490785645005,0.262,0.243243243243243,0.347368421052632,0.760935910478128,0.712,1
"EVT-00421","High",12254,21,19,43.7,21.6,55.7,9,43.2,41.7,0.235532283495221,0.269230769230769,0.358490566037736,0.362754607177498,0.402,0.557557557557558,0.894736842105263,0.422177009155646,0.333714285714286,2
"EVT-00067","Low",567,66,40,22.7,8.8,17.8,2.7,81.9,78.1,0.00803924240359722,0.846153846153846,0.754716981132076,0.159068865179437,0.146,0.178178178178178,0.231578947368421,0.81586978636826,0.749714285714286,0
"EVT-00584","Critical",41113,7,3,103,49.7,82,9.1,20.6,21.4,0.797286512370311,0.0897435897435897,0.0566037735849057,0.937924345295829,0.964,0.820820820820821,0.905263157894737,0.192268565615463,0.101714285714286,3
"EVT-00059","Low",518,57,42,22.4,7.6,9.5,2.7,86.2,83.7,0.00708543398283145,0.730769230769231,0.792452830188679,0.156159068865179,0.122,0.0950950950950951,0.231578947368421,0.859613428280773,0.813714285714286,0
"EVT-00563","Critical",27398,17,10,69.8,27.9,69.3,7.9,37.6,38.8,0.530317481945769,0.217948717948718,0.188679245283019,0.615906886517944,0.528,0.693693693693694,0.778947368421053,0.365208545269583,0.300571428571429,3
"EVT-00547","Critical",39390,16,8,84.5,38.7,84.6,8.7,17.5,26.7,0.763747493819711,0.205128205128205,0.150943396226415,0.758486905916586,0.744,0.846846846846847,0.863157894736842,0.160732451678535,0.162285714285714,3
"EVT-00162","Low",342,61,36,15.3,5.7,6.6,2.1,95.7,82.5,0.00365950985926459,0.782051282051282,0.679245283018868,0.0872938894277401,0.084,0.0660660660660661,0.168421052631579,0.956256358087487,0.8,0
"EVT-00368","Medium",2805,48,33,31,15.7,31.4,4,65,68,0.0516029821112257,0.615384615384615,0.622641509433962,0.239573229873909,0.284,0.314314314314314,0.368421052631579,0.643947100712106,0.634285714285714,1
"EVT-00116","Low",545,60,36,16,7.4,10.7,1.4,88.1,83.6,0.00761100188815136,0.769230769230769,0.679245283018868,0.0940834141610087,0.118,0.107107107107107,0.0947368421052631,0.878942014242116,0.812571428571429,0
"EVT-00048","Low",430,69,42,8.1,6,7.4,1.7,89.6,85.5,0.00537247192104802,0.884615384615385,0.792452830188679,0.017458777885548,0.09,0.0740740740740741,0.126315789473684,0.894201424211597,0.834285714285714,0
"EVT-00070","Low",807,46,28,19.8,12.5,13.8,2.9,89.1,78.9,0.012710957117552,0.58974358974359,0.528301886792453,0.13094083414161,0.22,0.138138138138138,0.252631578947368,0.88911495422177,0.758857142857143,0
"EVT-00353","Medium",4253,41,29,37,17.1,41,4.8,59,63.1,0.079788994218753,0.525641025641026,0.547169811320755,0.297769156159069,0.312,0.41041041041041,0.452631578947368,0.582909460834181,0.578285714285714,1
"EVT-00365","Medium",4270,45,17,37.2,18.8,34.5,4.9,55,60.9,0.0801199073443248,0.576923076923077,0.320754716981132,0.299709020368574,0.346,0.345345345345345,0.463157894736842,0.542217700915565,0.553142857142857,1
"EVT-00340","Medium",2880,33,19,26.5,12.9,37.2,3.7,61.8,69.8,0.0530628929593366,0.423076923076923,0.358490566037736,0.195926285160039,0.228,0.372372372372372,0.336842105263158,0.611393692777213,0.654857142857143,1
"EVT-00057","Low",268,68,45,9.3,7.2,7.1,2.1,96.4,90.9,0.00221906448912853,0.871794871794872,0.849056603773585,0.02909796314258,0.114,0.0710710710710711,0.168421052631579,0.963377416073245,0.896,0
"EVT-00456","High",16299,10,6,68.5,26.2,66.9,7.2,40,46.8,0.314270141903334,0.128205128205128,0.113207547169811,0.603297769156159,0.494,0.66966966966967,0.705263157894737,0.389623601220753,0.392,2
"EVT-00379","Medium",3167,31,15,31.6,13.9,38.4,5.2,60.6,60,0.0586494851381076,0.397435897435897,0.283018867924528,0.245392822502425,0.248,0.384384384384384,0.494736842105263,0.599186164801628,0.542857142857143,1
"EVT-00040","Low",444,68,46,6.8,4.8,10.4,1.8,94.8,90.9,0.00564498861269538,0.871794871794872,0.867924528301887,0.00484966052376334,0.066,0.104104104104104,0.136842105263158,0.947100712105798,0.896,0
"EVT-00183","Medium",3590,57,42,37.8,21.3,35.6,3.6,64.6,67,0.0668833823214529,0.730769230769231,0.792452830188679,0.30552861299709,0.396,0.356356356356356,0.326315789473684,0.639877924720244,0.622857142857143,1
"EVT-00346","Medium",3885,41,28,39.5,14.2,47.7,3.2,64.9,59.2,0.0726256983240224,0.525641025641026,0.528301886792453,0.322017458777886,0.254,0.477477477477477,0.284210526315789,0.64292980671414,0.533714285714286,1
"EVT-00182","Medium",5632,25,22,41.5,20.3,46.9,3.4,59.8,54,0.106631888346018,0.320512820512821,0.415094339622642,0.341416100872939,0.376,0.469469469469469,0.305263157894737,0.591047812817904,0.474285714285714,1
"EVT-00203","Medium",4293,14,13,36.5,17.4,38.1,6.5,61.2,51.6,0.0805676133377455,0.179487179487179,0.245283018867925,0.292919495635306,0.318,0.381381381381381,0.631578947368421,0.60528992878942,0.446857142857143,1
"EVT-00445","High",12318,32,15,49.5,21.2,55.1,7.1,59.5,50.9,0.236778074085609,0.41025641025641,0.283018867924528,0.419010669253152,0.394,0.551551551551552,0.694736842105263,0.587995930824008,0.438857142857143,2
"EVT-00044","Low",825,45,33,21.6,10,16.8,3.2,84.6,71.7,0.0130613357210986,0.576923076923077,0.622641509433962,0.148399612027158,0.17,0.168168168168168,0.284210526315789,0.843336724313327,0.676571428571429,0
"EVT-00370","Medium",1876,53,30,30.4,17.1,33.2,3.7,70.2,68.1,0.0335195530726257,0.67948717948718,0.566037735849057,0.233753637245393,0.312,0.332332332332332,0.336842105263158,0.696846388606307,0.635428571428571,1
"EVT-00159","Low",646,48,32,17.7,7.4,11.3,1,84.2,85.9,0.00957701516360734,0.615384615384615,0.60377358490566,0.110572259941804,0.118,0.113113113113113,0.0526315789473684,0.839267548321465,0.838857142857143,0
"EVT-00300","Medium",3246,20,15,37.4,15.8,38.4,3.9,61.9,56.8,0.0601872578981177,0.256410256410256,0.283018867924528,0.301648884578079,0.286,0.384384384384384,0.357894736842105,0.612410986775178,0.506285714285714,1
"EVT-00318","Medium",3154,52,32,30.4,15.7,28.3,3.5,71.5,73.1,0.058396433924435,0.666666666666667,0.60377358490566,0.233753637245393,0.284,0.283283283283283,0.315789473684211,0.710071210579858,0.692571428571429,1
"EVT-00034","Low",632,57,39,16,6.4,13.7,2.1,90.6,86.9,0.00930449847195998,0.730769230769231,0.735849056603774,0.0940834141610087,0.098,0.137137137137137,0.168421052631579,0.904374364191251,0.850285714285714,0
"EVT-00388","Medium",4352,31,14,39.4,22.1,43.5,4.9,58.2,52.5,0.0817160765382594,0.397435897435897,0.264150943396226,0.321047526673133,0.412,0.435435435435435,0.463157894736842,0.574771108850458,0.457142857142857,1
"EVT-00519","High",9952,39,22,53.8,22.7,61.9,7,44,37.4,0.190722753197205,0.5,0.415094339622642,0.460717749757517,0.424,0.61961961961962,0.684210526315789,0.430315361139369,0.284571428571429,2
"EVT-00324","Medium",2972,32,19,29.6,14.8,35.3,3.6,71.2,60.2,0.0548537169330193,0.41025641025641,0.358490566037736,0.225994180407371,0.266,0.353353353353353,0.326315789473684,0.707019328585961,0.545142857142857,1
"EVT-00056","Low",728,57,32,19.6,8.9,14.5,2.5,96.1,96.1,0.0111731843575419,0.730769230769231,0.60377358490566,0.129000969932105,0.148,0.145145145145145,0.210526315789474,0.960325534079349,0.955428571428571,0
"EVT-00148","Low",603,47,34,19.4,6.7,9.5,1.8,90.8,90.3,0.00873999961069044,0.602564102564103,0.641509433962264,0.127061105722599,0.104,0.0950950950950951,0.136842105263158,0.906408952187182,0.889142857142857,0
"EVT-00496","High",8718,46,22,36.5,17.4,50.4,5.9,67.6,53.3,0.166702353376287,0.58974358974359,0.415094339622642,0.292919495635306,0.318,0.504504504504504,0.568421052631579,0.670396744659206,0.466285714285714,2
"EVT-00506","High",10859,27,28,54.8,22,39.1,6.5,58.9,55.5,0.208377941720359,0.346153846153846,0.528301886792453,0.470417070805044,0.41,0.391391391391391,0.631578947368421,0.581892166836216,0.491428571428571,2
"EVT-00414","High",8557,40,25,44.1,17.3,50.6,7.1,51.2,59.8,0.163568411422342,0.512820512820513,0.471698113207547,0.366634335596508,0.316,0.506506506506507,0.694736842105263,0.503560528992879,0.540571428571429,2
"EVT-00598","Critical",45418,15,5,107.1,51.5,84.3,9.3,10.8,20.7,0.881085395051876,0.192307692307692,0.0943396226415094,0.977691561590689,1,0.843843843843844,0.926315789473684,0.0925737538148525,0.0937142857142857,3
"EVT-00019","Low",605,61,39,15.4,8.3,9.4,2.4,88.6,84.2,0.00877893056664006,0.782051282051282,0.735849056603774,0.0882638215324927,0.136,0.0940940940940941,0.2,0.884028484231943,0.819428571428572,0
"EVT-00406","High",6852,34,21,60.8,20.7,52.8,5.8,63.4,57.2,0.130379771475289,0.435897435897436,0.39622641509434,0.528612997090204,0.384,0.528528528528528,0.557894736842105,0.627670396744659,0.510857142857143,2
"EVT-00006","Low",757,52,38,19.7,8.5,17.5,1.9,84.8,81.7,0.0117376832188114,0.666666666666667,0.716981132075472,0.129970902036857,0.14,0.175175175175175,0.147368421052632,0.845371312309257,0.790857142857143,0
"EVT-00049","Low",617,49,36,17.8,10.4,11.8,3.4,87.4,80.9,0.0090125163023378,0.628205128205128,0.679245283018868,0.111542192046557,0.178,0.118118118118118,0.305263157894737,0.871820956256358,0.781714285714286,0
"EVT-00001","Low",416,68,46,16.5,6.2,3.2,1.6,98,87.6,0.00509995522940066,0.871794871794872,0.867924528301887,0.0989330746847721,0.094,0.032032032032032,0.115789473684211,0.979654120040692,0.858285714285714,0
"EVT-00166","Low",545,70,48,18.4,6.2,9.3,1.9,90.5,88.9,0.00761100188815136,0.897435897435897,0.905660377358491,0.117361784675073,0.094,0.0930930930930931,0.147368421052632,0.903357070193286,0.873142857142857,0
"EVT-00467","High",10644,18,9,58.3,27.1,52.1,7.4,50.7,48.6,0.204192863955774,0.230769230769231,0.169811320754717,0.504364694471387,0.512,0.521521521521522,0.726315789473684,0.498474059003052,0.412571428571429,2
"EVT-00411","High",16681,13,12,59.2,29.4,60,7.7,31,39.8,0.321705954489713,0.166666666666667,0.226415094339623,0.513094083414161,0.558,0.600600600600601,0.757894736842105,0.298067141403866,0.312,2
"EVT-00105","Low",357,62,41,18.3,10,7.6,1.9,100,90,0.00395149202888677,0.794871794871795,0.773584905660377,0.11639185257032,0.17,0.0760760760760761,0.147368421052632,1,0.885714285714286,0
"EVT-00548","Critical",39136,6,4,87,46.1,85.5,9.2,28.7,34.7,0.758803262414109,0.0769230769230769,0.0754716981132075,0.782735208535402,0.892,0.855855855855856,0.91578947368421,0.274669379450661,0.253714285714286,3
"EVT-00448","High",15107,16,12,58.8,25.6,69.1,6.7,37.4,31.6,0.291067292157359,0.205128205128205,0.226415094339623,0.50921435499515,0.482,0.691691691691692,0.652631578947368,0.363173957273652,0.218285714285714,2
"EVT-00255","Medium",2653,43,37,26.8,14.1,31.9,4.4,84.6,65.4,0.0486442294590544,0.551282051282051,0.69811320754717,0.198836081474297,0.252,0.319319319319319,0.410526315789474,0.843336724313327,0.604571428571429,1
"EVT-00549","Critical",38012,11,7,85.8,28.4,83.5,8.3,17.5,23.6,0.73692406517042,0.141025641025641,0.132075471698113,0.77109602327837,0.538,0.835835835835836,0.821052631578947,0.160732451678535,0.126857142857143,3
"EVT-00118","Low",404,69,49,15.8,8.2,3.8,1,98.7,90.1,0.00486636949370292,0.884615384615385,0.924528301886792,0.0921435499515034,0.134,0.038038038038038,0.0526315789473684,0.98677517802645,0.886857142857143,0
"EVT-00158","Low",444,64,40,15,8.3,11,3.1,87.3,90.6,0.00564498861269538,0.82051282051282,0.754716981132076,0.084384093113482,0.136,0.11011011011011,0.273684210526316,0.870803662258393,0.892571428571428,0
"EVT-00432","High",13884,17,13,60.4,27.9,58.6,7,43.3,46.5,0.267261012594164,0.217948717948718,0.245283018867925,0.524733268671193,0.528,0.586586586586587,0.684210526315789,0.423194303153611,0.388571428571429,2
"EVT-00352","Medium",2146,47,34,31,13.1,28.1,3.6,77.2,69.1,0.0387752321258249,0.602564102564103,0.641509433962264,0.239573229873909,0.232,0.281281281281281,0.326315789473684,0.768056968463886,0.646857142857143,1
"EVT-00168","Low",428,67,42,12.6,5.6,6.1,2.2,93.8,85.8,0.0053335409650984,0.858974358974359,0.792452830188679,0.061105722599418,0.082,0.0610610610610611,0.178947368421053,0.936927772126144,0.837714285714286,0
"EVT-00301","Medium",2952,49,25,31.6,14.7,37.3,3.2,69.6,64.4,0.0544644073735231,0.628205128205128,0.471698113207547,0.245392822502425,0.264,0.373373373373373,0.284210526315789,0.690742624618515,0.593142857142857,1
"EVT-00557","Critical",48459,9,6,100,45.3,92.8,9.1,1.7,14.9,0.940279913573278,0.115384615384615,0.113207547169811,0.908826382153249,0.876,0.928928928928929,0.905263157894737,0,0.0274285714285714,3
"EVT-00550","Critical",51527,5,5,100,46.9,91.7,9.6,23.8,24.1,1,0.0641025641025641,0.0943396226415094,0.908826382153249,0.908,0.917917917917918,0.957894736842105,0.224821973550356,0.132571428571429,3
"EVT-00317","Medium",3347,35,28,30.5,10.6,36.8,5.7,62.8,57.8,0.0621532711735737,0.448717948717949,0.528301886792453,0.234723569350145,0.182,0.368368368368368,0.547368421052632,0.621566632756867,0.517714285714286,1
"EVT-00450","High",15182,27,16,52.9,23.2,60.5,5.9,38,46.9,0.29252720300547,0.346153846153846,0.30188679245283,0.451988360814743,0.434,0.605605605605606,0.568421052631579,0.369277721261445,0.393142857142857,2
"EVT-00280","Medium",3072,60,30,35.9,17.5,32.3,4.4,60.1,67,0.0568002647305005,0.769230769230769,0.566037735849057,0.28709990300679,0.32,0.323323323323323,0.410526315789474,0.594099694811801,0.622857142857143,1
"EVT-00344","Medium",2255,49,40,20.7,8.6,22.2,2.6,76.8,72.8,0.0408969692250793,0.628205128205128,0.754716981132076,0.139670223084384,0.142,0.222222222222222,0.221052631578947,0.763987792472024,0.689142857142857,1
"EVT-00030","Low",688,56,36,17.6,9.7,12.9,1.9,83,81,0.0103945652385494,0.717948717948718,0.679245283018868,0.109602327837051,0.164,0.129129129129129,0.147368421052632,0.82706002034588,0.782857142857143,0
"EVT-00263","Medium",562,49,39,17.9,11.2,22.8,3,79.7,81.2,0.00794191501372316,0.628205128205128,0.735849056603774,0.112512124151309,0.194,0.228228228228228,0.263157894736842,0.793489318413021,0.785142857142857,1
"EVT-00446","High",13539,33,19,64.6,28.9,60.1,7.8,36.4,41,0.260545422692854,0.423076923076923,0.358490566037736,0.565470417070805,0.548,0.601601601601602,0.768421052631579,0.353001017293998,0.325714285714286,2
"EVT-00137","Low",281,69,44,7.2,5.3,10.2,1.8,99.1,85.3,0.00247211570280108,0.884615384615385,0.830188679245283,0.00872938894277401,0.076,0.102102102102102,0.136842105263158,0.990844354018311,0.832,0
"EVT-00214","Medium",3515,47,26,35.2,20.4,37.3,3.3,66.9,60.3,0.065423471473342,0.602564102564103,0.490566037735849,0.280310378273521,0.378,0.373373373373373,0.294736842105263,0.663275686673449,0.546285714285714,1
"EVT-00177","Low",505,59,42,13.6,11.7,13.4,2.2,83.5,81.3,0.0068323827691589,0.756410256410256,0.792452830188679,0.0708050436469447,0.204,0.134134134134134,0.178947368421053,0.832146490335707,0.786285714285714,0
"EVT-00331","Medium",2405,43,39,27.2,14.5,35.3,3.2,68.7,72.7,0.0438167909213011,0.551282051282051,0.735849056603774,0.202715809893307,0.26,0.353353353353353,0.284210526315789,0.681586978636826,0.688,1
"EVT-00553","Critical",41192,7,4,90.4,35.1,87.6,9,22.8,25.1,0.798824285130321,0.0897435897435897,0.0754716981132075,0.815712900096993,0.672,0.876876876876877,0.894736842105263,0.214649033570702,0.144,3
"EVT-00376","Medium",2825,48,33,24.5,7.8,25.6,3.6,78.6,67.6,0.051992291670722,0.615384615384615,0.622641509433962,0.176527643064985,0.126,0.256256256256256,0.326315789473684,0.782299084435402,0.629714285714286,1
"EVT-00591","Critical",33168,14,8,79.6,37.1,76,9,28.3,25.8,0.642633289860433,0.179487179487179,0.150943396226415,0.710960232783705,0.712,0.760760760760761,0.894736842105263,0.2706002034588,0.152,3
"EVT-00254","Medium",4411,20,18,34.9,19.2,38.5,4,49.8,58,0.0828645397387733,0.256410256410256,0.339622641509434,0.277400581959263,0.354,0.385385385385385,0.368421052631579,0.489318413021363,0.52,1
"EVT-00477","High",12033,20,13,59.6,26.5,65.5,7.1,47.4,46.1,0.231230412862788,0.256410256410256,0.245283018867925,0.516973811833172,0.5,0.655655655655656,0.694736842105263,0.464903357070193,0.384,2
"EVT-00229","Medium",3348,43,29,29.8,18.2,46,3.9,59.4,66.9,0.0621727366515485,0.551282051282051,0.547169811320755,0.227934044616877,0.334,0.46046046046046,0.357894736842105,0.586978636826043,0.621714285714286,1
"EVT-00478","High",13564,28,16,55.1,26.6,65.7,7.6,32.8,30.8,0.261032059642225,0.358974358974359,0.30188679245283,0.473326867119302,0.502,0.657657657657658,0.747368421052632,0.316378433367243,0.209142857142857,2
"EVT-00507","High",12797,14,17,48.4,26.4,59.4,7.2,45.9,39.2,0.246102038035544,0.179487179487179,0.320754716981132,0.408341416100873,0.498,0.594594594594595,0.705263157894737,0.449643947100712,0.305142857142857,2
"EVT-00080","Low",480,70,52,13.3,8.6,11.1,1.8,87.2,88.8,0.0063457458197886,0.897435897435897,0.981132075471698,0.0678952473326867,0.142,0.111111111111111,0.136842105263158,0.869786368260427,0.872,0
"EVT-00479","High",12630,13,12,54.9,24.7,60.7,6.7,44.2,43.4,0.24285130321375,0.166666666666667,0.226415094339623,0.471387002909796,0.464,0.607607607607608,0.652631578947368,0.4323499491353,0.353142857142857,2
"EVT-00124","Low",462,68,45,10.5,6,9.1,2.1,91.9,88.8,0.00599536721624199,0.871794871794872,0.849056603773585,0.040737148399612,0.09,0.0910910910910911,0.168421052631579,0.917599186164802,0.872,0
"EVT-00341","Medium",3205,44,33,37.5,15,33.9,3.5,90.8,72.2,0.0593891733011504,0.564102564102564,0.622641509433962,0.302618816682832,0.27,0.339339339339339,0.315789473684211,0.906408952187182,0.682285714285714,1
"EVT-00240","Medium",4102,43,27,41.1,17.3,42,4.7,71,63.8,0.0768497070445565,0.551282051282051,0.509433962264151,0.337536372453928,0.316,0.42042042042042,0.442105263157895,0.70498474059003,0.586285714285714,1
"EVT-00196","Medium",2688,51,39,28.7,12,28.9,3.1,81.1,63.5,0.0493255211881728,0.653846153846154,0.735849056603774,0.217264791464597,0.21,0.289289289289289,0.273684210526316,0.807731434384537,0.582857142857143,1
"EVT-00392","High",11290,44,23,51.3,26,46.4,6.2,42.6,47.6,0.216767562727503,0.564102564102564,0.433962264150943,0.4364694471387,0.49,0.464464464464464,0.6,0.416073245167853,0.401142857142857,2
"EVT-00480","High",13154,12,9,59.3,25.8,58.5,8.1,40.1,34.9,0.253051213672552,0.153846153846154,0.169811320754717,0.514064015518914,0.486,0.585585585585586,0.8,0.390640895218718,0.256,2
"EVT-00516","High",11590,30,14,51.5,26.2,54.6,6.7,51.5,41.5,0.222607206119946,0.384615384615385,0.264150943396226,0.438409311348206,0.494,0.546546546546547,0.652631578947368,0.506612410986775,0.331428571428571,2
"EVT-00132","Low",567,58,36,16.5,10.6,13.8,1.9,82.1,76.6,0.00803924240359722,0.743589743589744,0.679245283018868,0.0989330746847721,0.182,0.138138138138138,0.147368421052632,0.817904374364191,0.732571428571429,0
